param_index,param_name,unit,norm_value,readback,display
0,"Volume"," dB",0.000000,0.000000,"  -oo   "
0,"Volume"," dB",0.031250,0.030000,"-30.4575"
0,"Volume"," dB",0.062500,0.060000,"-24.4369"
0,"Volume"," dB",0.093750,0.090000,"-20.9151"
0,"Volume"," dB",0.125000,0.120000,"-18.4163"
0,"Volume"," dB",0.156250,0.150000,"-16.4781"
0,"Volume"," dB",0.187500,0.180000,"-14.8945"
0,"Volume"," dB",0.218750,0.210000,"-13.5556"
0,"Volume"," dB",0.250000,0.250000,"-12.0411"
0,"Volume"," dB",0.281250,0.280000,"-11.0568"
0,"Volume"," dB",0.312500,0.310000,"-10.1727"
0,"Volume"," dB",0.343750,0.340000,"-9.37042"
0,"Volume"," dB",0.375000,0.370000,"-8.63596"
0,"Volume"," dB",0.406250,0.400000,"-7.95880"
0,"Volume"," dB",0.437500,0.430000,"-7.33063"
0,"Volume"," dB",0.468750,0.460000,"-6.74484"
0,"Volume"," dB",0.500000,0.500000,"-6.02059"
0,"Volume"," dB",0.531250,0.530000,"-5.51448"
0,"Volume"," dB",0.562500,0.560000,"-5.03623"
0,"Volume"," dB",0.593750,0.590000,"-4.58296"
0,"Volume"," dB",0.625000,0.620000,"-4.15216"
0,"Volume"," dB",0.656250,0.650000,"-3.74173"
0,"Volume"," dB",0.687500,0.680000,"-3.34982"
0,"Volume"," dB",0.718750,0.710000,"-2.97483"
0,"Volume"," dB",0.750000,0.750000,"-2.49877"
0,"Volume"," dB",0.781250,0.780000,"-2.15810"
0,"Volume"," dB",0.812500,0.810000,"-1.83029"
0,"Volume"," dB",0.843750,0.840000,"-1.51441"
0,"Volume"," dB",0.875000,0.870000,"-1.20961"
0,"Volume"," dB",0.906250,0.900000,"-0.91515"
0,"Volume"," dB",0.937500,0.930000,"-0.63034"
0,"Volume"," dB",0.968750,0.960000,"-0.35457"
0,"Volume"," dB",1.000000,1.000000,"0.000000"
1,"Pan","",0.000000,0.000000,"-100"
1,"Pan","",0.031250,0.035000,"-93"
1,"Pan","",0.062500,0.065000,"-87"
1,"Pan","",0.093750,0.095000,"-81"
1,"Pan","",0.125000,0.125000,"-75"
1,"Pan","",0.156250,0.160000,"-68"
1,"Pan","",0.187500,0.190000,"-62"
1,"Pan","",0.218750,0.220000,"-56"
1,"Pan","",0.250000,0.250000,"-50"
1,"Pan","",0.281250,0.285000,"-43"
1,"Pan","",0.312500,0.315000,"-37"
1,"Pan","",0.343750,0.345000,"-31"
1,"Pan","",0.375000,0.375000,"-25"
1,"Pan","",0.406250,0.410000,"-18"
1,"Pan","",0.437500,0.440000,"-12"
1,"Pan","",0.468750,0.470000,"-6"
1,"Pan","",0.500000,0.500000,"0"
1,"Pan","",0.531250,0.530000,"6"
1,"Pan","",0.562500,0.560000,"12"
1,"Pan","",0.593750,0.590000,"18"
1,"Pan","",0.625000,0.625000,"25"
1,"Pan","",0.656250,0.655000,"31"
1,"Pan","",0.687500,0.685000,"37"
1,"Pan","",0.718750,0.715000,"43"
1,"Pan","",0.750000,0.750000,"50"
1,"Pan","",0.781250,0.780000,"56"
1,"Pan","",0.812500,0.810000,"62"
1,"Pan","",0.843750,0.840000,"68"
1,"Pan","",0.875000,0.875000,"75"
1,"Pan","",0.906250,0.905000,"81"
1,"Pan","",0.937500,0.935000,"87"
1,"Pan","",0.968750,0.965000,"93"
1,"Pan","",1.000000,1.000000,"100"
2,"Resonance","",0.000000,0.000000,"0"
2,"Resonance","",0.031250,0.030000,"3"
2,"Resonance","",0.062500,0.060000,"6"
2,"Resonance","",0.093750,0.090000,"9"
2,"Resonance","",0.125000,0.120000,"12"
2,"Resonance","",0.156250,0.150000,"15"
2,"Resonance","",0.187500,0.180000,"18"
2,"Resonance","",0.218750,0.210000,"21"
2,"Resonance","",0.250000,0.250000,"25"
2,"Resonance","",0.281250,0.280000,"28"
2,"Resonance","",0.312500,0.310000,"31"
2,"Resonance","",0.343750,0.340000,"34"
2,"Resonance","",0.375000,0.370000,"37"
2,"Resonance","",0.406250,0.400000,"40"
2,"Resonance","",0.437500,0.430000,"43"
2,"Resonance","",0.468750,0.460000,"46"
2,"Resonance","",0.500000,0.500000,"50"
2,"Resonance","",0.531250,0.530000,"53"
2,"Resonance","",0.562500,0.560000,"56"
2,"Resonance","",0.593750,0.590000,"59"
2,"Resonance","",0.625000,0.620000,"62"
2,"Resonance","",0.656250,0.650000,"65"
2,"Resonance","",0.687500,0.680000,"68"
2,"Resonance","",0.718750,0.710000,"71"
2,"Resonance","",0.750000,0.750000,"75"
2,"Resonance","",0.781250,0.780000,"78"
2,"Resonance","",0.812500,0.810000,"81"
2,"Resonance","",0.843750,0.840000,"84"
2,"Resonance","",0.875000,0.870000,"87"
2,"Resonance","",0.906250,0.900000,"90"
2,"Resonance","",0.937500,0.930000,"93"
2,"Resonance","",0.968750,0.960000,"96"
2,"Resonance","",1.000000,1.000000,"100"
3,"Noise"," %",0.000000,0.000000,"0"
3,"Noise"," %",0.031250,0.030000,"3"
3,"Noise"," %",0.062500,0.060000,"6"
3,"Noise"," %",0.093750,0.090000,"9"
3,"Noise"," %",0.125000,0.120000,"12"
3,"Noise"," %",0.156250,0.150000,"15"
3,"Noise"," %",0.187500,0.180000,"18"
3,"Noise"," %",0.218750,0.210000,"21"
3,"Noise"," %",0.250000,0.250000,"25"
3,"Noise"," %",0.281250,0.280000,"28"
3,"Noise"," %",0.312500,0.310000,"31"
3,"Noise"," %",0.343750,0.340000,"34"
3,"Noise"," %",0.375000,0.370000,"37"
3,"Noise"," %",0.406250,0.400000,"40"
3,"Noise"," %",0.437500,0.430000,"43"
3,"Noise"," %",0.468750,0.460000,"46"
3,"Noise"," %",0.500000,0.500000,"50"
3,"Noise"," %",0.531250,0.530000,"53"
3,"Noise"," %",0.562500,0.560000,"56"
3,"Noise"," %",0.593750,0.590000,"59"
3,"Noise"," %",0.625000,0.620000,"62"
3,"Noise"," %",0.656250,0.650000,"65"
3,"Noise"," %",0.687500,0.680000,"68"
3,"Noise"," %",0.718750,0.710000,"71"
3,"Noise"," %",0.750000,0.750000,"75"
3,"Noise"," %",0.781250,0.780000,"78"
3,"Noise"," %",0.812500,0.810000,"81"
3,"Noise"," %",0.843750,0.840000,"84"
3,"Noise"," %",0.875000,0.870000,"87"
3,"Noise"," %",0.906250,0.900000,"90"
3,"Noise"," %",0.937500,0.930000,"93"
3,"Noise"," %",0.968750,0.960000,"96"
3,"Noise"," %",1.000000,1.000000,"100"
4,"Vol Var."," %",0.000000,0.000000,"0"
4,"Vol Var."," %",0.031250,0.030000,"3"
4,"Vol Var."," %",0.062500,0.060000,"6"
4,"Vol Var."," %",0.093750,0.090000,"9"
4,"Vol Var."," %",0.125000,0.120000,"12"
4,"Vol Var."," %",0.156250,0.150000,"15"
4,"Vol Var."," %",0.187500,0.180000,"18"
4,"Vol Var."," %",0.218750,0.210000,"21"
4,"Vol Var."," %",0.250000,0.250000,"25"
4,"Vol Var."," %",0.281250,0.280000,"28"
4,"Vol Var."," %",0.312500,0.310000,"31"
4,"Vol Var."," %",0.343750,0.340000,"34"
4,"Vol Var."," %",0.375000,0.370000,"37"
4,"Vol Var."," %",0.406250,0.400000,"40"
4,"Vol Var."," %",0.437500,0.430000,"43"
4,"Vol Var."," %",0.468750,0.460000,"46"
4,"Vol Var."," %",0.500000,0.500000,"50"
4,"Vol Var."," %",0.531250,0.530000,"53"
4,"Vol Var."," %",0.562500,0.560000,"56"
4,"Vol Var."," %",0.593750,0.590000,"59"
4,"Vol Var."," %",0.625000,0.620000,"62"
4,"Vol Var."," %",0.656250,0.650000,"65"
4,"Vol Var."," %",0.687500,0.680000,"68"
4,"Vol Var."," %",0.718750,0.710000,"71"
4,"Vol Var."," %",0.750000,0.750000,"75"
4,"Vol Var."," %",0.781250,0.780000,"78"
4,"Vol Var."," %",0.812500,0.810000,"81"
4,"Vol Var."," %",0.843750,0.840000,"84"
4,"Vol Var."," %",0.875000,0.870000,"87"
4,"Vol Var."," %",0.906250,0.900000,"90"
4,"Vol Var."," %",0.937500,0.930000,"93"
4,"Vol Var."," %",0.968750,0.960000,"96"
4,"Vol Var."," %",1.000000,1.000000,"100"
5,"Pitch Var."," %",0.000000,0.000000,"0"
5,"Pitch Var."," %",0.031250,0.030000,"3"
5,"Pitch Var."," %",0.062500,0.060000,"6"
5,"Pitch Var."," %",0.093750,0.090000,"9"
5,"Pitch Var."," %",0.125000,0.120000,"12"
5,"Pitch Var."," %",0.156250,0.150000,"15"
5,"Pitch Var."," %",0.187500,0.180000,"18"
5,"Pitch Var."," %",0.218750,0.210000,"21"
5,"Pitch Var."," %",0.250000,0.250000,"25"
5,"Pitch Var."," %",0.281250,0.280000,"28"
5,"Pitch Var."," %",0.312500,0.310000,"31"
5,"Pitch Var."," %",0.343750,0.340000,"34"
5,"Pitch Var."," %",0.375000,0.370000,"37"
5,"Pitch Var."," %",0.406250,0.400000,"40"
5,"Pitch Var."," %",0.437500,0.430000,"43"
5,"Pitch Var."," %",0.468750,0.460000,"46"
5,"Pitch Var."," %",0.500000,0.500000,"50"
5,"Pitch Var."," %",0.531250,0.530000,"53"
5,"Pitch Var."," %",0.562500,0.560000,"56"
5,"Pitch Var."," %",0.593750,0.590000,"59"
5,"Pitch Var."," %",0.625000,0.620000,"62"
5,"Pitch Var."," %",0.656250,0.650000,"65"
5,"Pitch Var."," %",0.687500,0.680000,"68"
5,"Pitch Var."," %",0.718750,0.710000,"71"
5,"Pitch Var."," %",0.750000,0.750000,"75"
5,"Pitch Var."," %",0.781250,0.780000,"78"
5,"Pitch Var."," %",0.812500,0.810000,"81"
5,"Pitch Var."," %",0.843750,0.840000,"84"
5,"Pitch Var."," %",0.875000,0.870000,"87"
5,"Pitch Var."," %",0.906250,0.900000,"90"
5,"Pitch Var."," %",0.937500,0.930000,"93"
5,"Pitch Var."," %",0.968750,0.960000,"96"
5,"Pitch Var."," %",1.000000,1.000000,"100"
6,"Pan Var."," %",0.000000,0.000000,"0"
6,"Pan Var."," %",0.031250,0.030000,"3"
6,"Pan Var."," %",0.062500,0.060000,"6"
6,"Pan Var."," %",0.093750,0.090000,"9"
6,"Pan Var."," %",0.125000,0.120000,"12"
6,"Pan Var."," %",0.156250,0.150000,"15"
6,"Pan Var."," %",0.187500,0.180000,"18"
6,"Pan Var."," %",0.218750,0.210000,"21"
6,"Pan Var."," %",0.250000,0.250000,"25"
6,"Pan Var."," %",0.281250,0.280000,"28"
6,"Pan Var."," %",0.312500,0.310000,"31"
6,"Pan Var."," %",0.343750,0.340000,"34"
6,"Pan Var."," %",0.375000,0.370000,"37"
6,"Pan Var."," %",0.406250,0.400000,"40"
6,"Pan Var."," %",0.437500,0.430000,"43"
6,"Pan Var."," %",0.468750,0.460000,"46"
6,"Pan Var."," %",0.500000,0.500000,"50"
6,"Pan Var."," %",0.531250,0.530000,"53"
6,"Pan Var."," %",0.562500,0.560000,"56"
6,"Pan Var."," %",0.593750,0.590000,"59"
6,"Pan Var."," %",0.625000,0.620000,"62"
6,"Pan Var."," %",0.656250,0.650000,"65"
6,"Pan Var."," %",0.687500,0.680000,"68"
6,"Pan Var."," %",0.718750,0.710000,"71"
6,"Pan Var."," %",0.750000,0.750000,"75"
6,"Pan Var."," %",0.781250,0.780000,"78"
6,"Pan Var."," %",0.812500,0.810000,"81"
6,"Pan Var."," %",0.843750,0.840000,"84"
6,"Pan Var."," %",0.875000,0.870000,"87"
6,"Pan Var."," %",0.906250,0.900000,"90"
6,"Pan Var."," %",0.937500,0.930000,"93"
6,"Pan Var."," %",0.968750,0.960000,"96"
6,"Pan Var."," %",1.000000,1.000000,"100"
7,"Res Var."," %",0.000000,0.000000,"0"
7,"Res Var."," %",0.031250,0.030000,"3"
7,"Res Var."," %",0.062500,0.060000,"6"
7,"Res Var."," %",0.093750,0.090000,"9"
7,"Res Var."," %",0.125000,0.120000,"12"
7,"Res Var."," %",0.156250,0.150000,"15"
7,"Res Var."," %",0.187500,0.180000,"18"
7,"Res Var."," %",0.218750,0.210000,"21"
7,"Res Var."," %",0.250000,0.250000,"25"
7,"Res Var."," %",0.281250,0.280000,"28"
7,"Res Var."," %",0.312500,0.310000,"31"
7,"Res Var."," %",0.343750,0.340000,"34"
7,"Res Var."," %",0.375000,0.370000,"37"
7,"Res Var."," %",0.406250,0.400000,"40"
7,"Res Var."," %",0.437500,0.430000,"43"
7,"Res Var."," %",0.468750,0.460000,"46"
7,"Res Var."," %",0.500000,0.500000,"50"
7,"Res Var."," %",0.531250,0.530000,"53"
7,"Res Var."," %",0.562500,0.560000,"56"
7,"Res Var."," %",0.593750,0.590000,"59"
7,"Res Var."," %",0.625000,0.620000,"62"
7,"Res Var."," %",0.656250,0.650000,"65"
7,"Res Var."," %",0.687500,0.680000,"68"
7,"Res Var."," %",0.718750,0.710000,"71"
7,"Res Var."," %",0.750000,0.750000,"75"
7,"Res Var."," %",0.781250,0.780000,"78"
7,"Res Var."," %",0.812500,0.810000,"81"
7,"Res Var."," %",0.843750,0.840000,"84"
7,"Res Var."," %",0.875000,0.870000,"87"
7,"Res Var."," %",0.906250,0.900000,"90"
7,"Res Var."," %",0.937500,0.930000,"93"
7,"Res Var."," %",0.968750,0.960000,"96"
7,"Res Var."," %",1.000000,1.000000,"100"
8,"Noise Var."," %",0.000000,0.000000,"0"
8,"Noise Var."," %",0.031250,0.030000,"3"
8,"Noise Var."," %",0.062500,0.060000,"6"
8,"Noise Var."," %",0.093750,0.090000,"9"
8,"Noise Var."," %",0.125000,0.120000,"12"
8,"Noise Var."," %",0.156250,0.150000,"15"
8,"Noise Var."," %",0.187500,0.180000,"18"
8,"Noise Var."," %",0.218750,0.210000,"21"
8,"Noise Var."," %",0.250000,0.250000,"25"
8,"Noise Var."," %",0.281250,0.280000,"28"
8,"Noise Var."," %",0.312500,0.310000,"31"
8,"Noise Var."," %",0.343750,0.340000,"34"
8,"Noise Var."," %",0.375000,0.370000,"37"
8,"Noise Var."," %",0.406250,0.400000,"40"
8,"Noise Var."," %",0.437500,0.430000,"43"
8,"Noise Var."," %",0.468750,0.460000,"46"
8,"Noise Var."," %",0.500000,0.500000,"50"
8,"Noise Var."," %",0.531250,0.530000,"53"
8,"Noise Var."," %",0.562500,0.560000,"56"
8,"Noise Var."," %",0.593750,0.590000,"59"
8,"Noise Var."," %",0.625000,0.620000,"62"
8,"Noise Var."," %",0.656250,0.650000,"65"
8,"Noise Var."," %",0.687500,0.680000,"68"
8,"Noise Var."," %",0.718750,0.710000,"71"
8,"Noise Var."," %",0.750000,0.750000,"75"
8,"Noise Var."," %",0.781250,0.780000,"78"
8,"Noise Var."," %",0.812500,0.810000,"81"
8,"Noise Var."," %",0.843750,0.840000,"84"
8,"Noise Var."," %",0.875000,0.870000,"87"
8,"Noise Var."," %",0.906250,0.900000,"90"
8,"Noise Var."," %",0.937500,0.930000,"93"
8,"Noise Var."," %",0.968750,0.960000,"96"
8,"Noise Var."," %",1.000000,1.000000,"100"
9,"Speed"," %",0.000000,0.000000,"0"
9,"Speed"," %",0.031250,0.030000,"3"
9,"Speed"," %",0.062500,0.060000,"6"
9,"Speed"," %",0.093750,0.090000,"9"
9,"Speed"," %",0.125000,0.120000,"12"
9,"Speed"," %",0.156250,0.150000,"15"
9,"Speed"," %",0.187500,0.180000,"18"
9,"Speed"," %",0.218750,0.210000,"21"
9,"Speed"," %",0.250000,0.250000,"25"
9,"Speed"," %",0.281250,0.280000,"28"
9,"Speed"," %",0.312500,0.310000,"31"
9,"Speed"," %",0.343750,0.340000,"34"
9,"Speed"," %",0.375000,0.370000,"37"
9,"Speed"," %",0.406250,0.400000,"40"
9,"Speed"," %",0.437500,0.430000,"43"
9,"Speed"," %",0.468750,0.460000,"46"
9,"Speed"," %",0.500000,0.500000,"50"
9,"Speed"," %",0.531250,0.530000,"53"
9,"Speed"," %",0.562500,0.560000,"56"
9,"Speed"," %",0.593750,0.590000,"59"
9,"Speed"," %",0.625000,0.620000,"62"
9,"Speed"," %",0.656250,0.650000,"65"
9,"Speed"," %",0.687500,0.680000,"68"
9,"Speed"," %",0.718750,0.710000,"71"
9,"Speed"," %",0.750000,0.750000,"75"
9,"Speed"," %",0.781250,0.780000,"78"
9,"Speed"," %",0.812500,0.810000,"81"
9,"Speed"," %",0.843750,0.840000,"84"
9,"Speed"," %",0.875000,0.870000,"87"
9,"Speed"," %",0.906250,0.900000,"90"
9,"Speed"," %",0.937500,0.930000,"93"
9,"Speed"," %",0.968750,0.960000,"96"
9,"Speed"," %",1.000000,1.000000,"100"
10,"Speed LFO"," %",0.000000,0.000000,"0"
10,"Speed LFO"," %",0.031250,0.030000,"3"
10,"Speed LFO"," %",0.062500,0.060000,"6"
10,"Speed LFO"," %",0.093750,0.090000,"9"
10,"Speed LFO"," %",0.125000,0.120000,"12"
10,"Speed LFO"," %",0.156250,0.150000,"15"
10,"Speed LFO"," %",0.187500,0.180000,"18"
10,"Speed LFO"," %",0.218750,0.210000,"21"
10,"Speed LFO"," %",0.250000,0.250000,"25"
10,"Speed LFO"," %",0.281250,0.280000,"28"
10,"Speed LFO"," %",0.312500,0.310000,"31"
10,"Speed LFO"," %",0.343750,0.340000,"34"
10,"Speed LFO"," %",0.375000,0.370000,"37"
10,"Speed LFO"," %",0.406250,0.400000,"40"
10,"Speed LFO"," %",0.437500,0.430000,"43"
10,"Speed LFO"," %",0.468750,0.460000,"46"
10,"Speed LFO"," %",0.500000,0.500000,"50"
10,"Speed LFO"," %",0.531250,0.530000,"53"
10,"Speed LFO"," %",0.562500,0.560000,"56"
10,"Speed LFO"," %",0.593750,0.590000,"59"
10,"Speed LFO"," %",0.625000,0.620000,"62"
10,"Speed LFO"," %",0.656250,0.650000,"65"
10,"Speed LFO"," %",0.687500,0.680000,"68"
10,"Speed LFO"," %",0.718750,0.710000,"71"
10,"Speed LFO"," %",0.750000,0.750000,"75"
10,"Speed LFO"," %",0.781250,0.780000,"78"
10,"Speed LFO"," %",0.812500,0.810000,"81"
10,"Speed LFO"," %",0.843750,0.840000,"84"
10,"Speed LFO"," %",0.875000,0.870000,"87"
10,"Speed LFO"," %",0.906250,0.900000,"90"
10,"Speed LFO"," %",0.937500,0.930000,"93"
10,"Speed LFO"," %",0.968750,0.960000,"96"
10,"Speed LFO"," %",1.000000,1.000000,"100"
11,"Std. Dev."," %",0.000000,0.000000,"0"
11,"Std. Dev."," %",0.031250,0.030000,"3"
11,"Std. Dev."," %",0.062500,0.060000,"6"
11,"Std. Dev."," %",0.093750,0.090000,"9"
11,"Std. Dev."," %",0.125000,0.120000,"12"
11,"Std. Dev."," %",0.156250,0.150000,"15"
11,"Std. Dev."," %",0.187500,0.180000,"18"
11,"Std. Dev."," %",0.218750,0.210000,"21"
11,"Std. Dev."," %",0.250000,0.250000,"25"
11,"Std. Dev."," %",0.281250,0.280000,"28"
11,"Std. Dev."," %",0.312500,0.310000,"31"
11,"Std. Dev."," %",0.343750,0.340000,"34"
11,"Std. Dev."," %",0.375000,0.370000,"37"
11,"Std. Dev."," %",0.406250,0.400000,"40"
11,"Std. Dev."," %",0.437500,0.430000,"43"
11,"Std. Dev."," %",0.468750,0.460000,"46"
11,"Std. Dev."," %",0.500000,0.500000,"50"
11,"Std. Dev."," %",0.531250,0.530000,"53"
11,"Std. Dev."," %",0.562500,0.560000,"56"
11,"Std. Dev."," %",0.593750,0.590000,"59"
11,"Std. Dev."," %",0.625000,0.620000,"62"
11,"Std. Dev."," %",0.656250,0.650000,"65"
11,"Std. Dev."," %",0.687500,0.680000,"68"
11,"Std. Dev."," %",0.718750,0.710000,"71"
11,"Std. Dev."," %",0.750000,0.750000,"75"
11,"Std. Dev."," %",0.781250,0.780000,"78"
11,"Std. Dev."," %",0.812500,0.810000,"81"
11,"Std. Dev."," %",0.843750,0.840000,"84"
11,"Std. Dev."," %",0.875000,0.870000,"87"
11,"Std. Dev."," %",0.906250,0.900000,"90"
11,"Std. Dev."," %",0.937500,0.930000,"93"
11,"Std. Dev."," %",0.968750,0.960000,"96"
11,"Std. Dev."," %",1.000000,1.000000,"100"
12,"Reflection"," %",0.000000,0.000000,"0"
12,"Reflection"," %",0.031250,0.030000,"3"
12,"Reflection"," %",0.062500,0.060000,"6"
12,"Reflection"," %",0.093750,0.090000,"9"
12,"Reflection"," %",0.125000,0.120000,"12"
12,"Reflection"," %",0.156250,0.150000,"15"
12,"Reflection"," %",0.187500,0.180000,"18"
12,"Reflection"," %",0.218750,0.210000,"21"
12,"Reflection"," %",0.250000,0.250000,"25"
12,"Reflection"," %",0.281250,0.280000,"28"
12,"Reflection"," %",0.312500,0.310000,"31"
12,"Reflection"," %",0.343750,0.340000,"34"
12,"Reflection"," %",0.375000,0.370000,"37"
12,"Reflection"," %",0.406250,0.400000,"40"
12,"Reflection"," %",0.437500,0.430000,"43"
12,"Reflection"," %",0.468750,0.460000,"46"
12,"Reflection"," %",0.500000,0.500000,"50"
12,"Reflection"," %",0.531250,0.530000,"53"
12,"Reflection"," %",0.562500,0.560000,"56"
12,"Reflection"," %",0.593750,0.590000,"59"
12,"Reflection"," %",0.625000,0.620000,"62"
12,"Reflection"," %",0.656250,0.650000,"65"
12,"Reflection"," %",0.687500,0.680000,"68"
12,"Reflection"," %",0.718750,0.710000,"71"
12,"Reflection"," %",0.750000,0.750000,"75"
12,"Reflection"," %",0.781250,0.780000,"78"
12,"Reflection"," %",0.812500,0.810000,"81"
12,"Reflection"," %",0.843750,0.840000,"84"
12,"Reflection"," %",0.875000,0.870000,"87"
12,"Reflection"," %",0.906250,0.900000,"90"
12,"Reflection"," %",0.937500,0.930000,"93"
12,"Reflection"," %",0.968750,0.960000,"96"
12,"Reflection"," %",1.000000,1.000000,"100"
13,"Attract","",0.000000,0.000000,"0"
13,"Attract","",0.031250,0.030000,"3"
13,"Attract","",0.062500,0.060000,"6"
13,"Attract","",0.093750,0.090000,"9"
13,"Attract","",0.125000,0.120000,"12"
13,"Attract","",0.156250,0.150000,"15"
13,"Attract","",0.187500,0.180000,"18"
13,"Attract","",0.218750,0.210000,"21"
13,"Attract","",0.250000,0.250000,"25"
13,"Attract","",0.281250,0.280000,"28"
13,"Attract","",0.312500,0.310000,"31"
13,"Attract","",0.343750,0.340000,"34"
13,"Attract","",0.375000,0.370000,"37"
13,"Attract","",0.406250,0.400000,"40"
13,"Attract","",0.437500,0.430000,"43"
13,"Attract","",0.468750,0.460000,"46"
13,"Attract","",0.500000,0.500000,"50"
13,"Attract","",0.531250,0.530000,"53"
13,"Attract","",0.562500,0.560000,"56"
13,"Attract","",0.593750,0.590000,"59"
13,"Attract","",0.625000,0.620000,"62"
13,"Attract","",0.656250,0.650000,"65"
13,"Attract","",0.687500,0.680000,"68"
13,"Attract","",0.718750,0.710000,"71"
13,"Attract","",0.750000,0.750000,"75"
13,"Attract","",0.781250,0.780000,"78"
13,"Attract","",0.812500,0.810000,"81"
13,"Attract","",0.843750,0.840000,"84"
13,"Attract","",0.875000,0.870000,"87"
13,"Attract","",0.906250,0.900000,"90"
13,"Attract","",0.937500,0.930000,"93"
13,"Attract","",0.968750,0.960000,"96"
13,"Attract","",1.000000,1.000000,"100"
14,"Repel","",0.000000,0.000000,"0"
14,"Repel","",0.031250,0.030000,"3"
14,"Repel","",0.062500,0.060000,"6"
14,"Repel","",0.093750,0.090000,"9"
14,"Repel","",0.125000,0.120000,"12"
14,"Repel","",0.156250,0.150000,"15"
14,"Repel","",0.187500,0.180000,"18"
14,"Repel","",0.218750,0.210000,"21"
14,"Repel","",0.250000,0.250000,"25"
14,"Repel","",0.281250,0.280000,"28"
14,"Repel","",0.312500,0.310000,"31"
14,"Repel","",0.343750,0.340000,"34"
14,"Repel","",0.375000,0.370000,"37"
14,"Repel","",0.406250,0.400000,"40"
14,"Repel","",0.437500,0.430000,"43"
14,"Repel","",0.468750,0.460000,"46"
14,"Repel","",0.500000,0.500000,"50"
14,"Repel","",0.531250,0.530000,"53"
14,"Repel","",0.562500,0.560000,"56"
14,"Repel","",0.593750,0.590000,"59"
14,"Repel","",0.625000,0.620000,"62"
14,"Repel","",0.656250,0.650000,"65"
14,"Repel","",0.687500,0.680000,"68"
14,"Repel","",0.718750,0.710000,"71"
14,"Repel","",0.750000,0.750000,"75"
14,"Repel","",0.781250,0.780000,"78"
14,"Repel","",0.812500,0.810000,"81"
14,"Repel","",0.843750,0.840000,"84"
14,"Repel","",0.875000,0.870000,"87"
14,"Repel","",0.906250,0.900000,"90"
14,"Repel","",0.937500,0.930000,"93"
14,"Repel","",0.968750,0.960000,"96"
14,"Repel","",1.000000,1.000000,"100"
15,"Proximity","",0.000000,0.000000,"0"
15,"Proximity","",0.031250,0.030000,"3"
15,"Proximity","",0.062500,0.060000,"6"
15,"Proximity","",0.093750,0.090000,"9"
15,"Proximity","",0.125000,0.120000,"12"
15,"Proximity","",0.156250,0.150000,"15"
15,"Proximity","",0.187500,0.180000,"18"
15,"Proximity","",0.218750,0.210000,"21"
15,"Proximity","",0.250000,0.250000,"25"
15,"Proximity","",0.281250,0.280000,"28"
15,"Proximity","",0.312500,0.310000,"31"
15,"Proximity","",0.343750,0.340000,"34"
15,"Proximity","",0.375000,0.370000,"37"
15,"Proximity","",0.406250,0.400000,"40"
15,"Proximity","",0.437500,0.430000,"43"
15,"Proximity","",0.468750,0.460000,"46"
15,"Proximity","",0.500000,0.500000,"50"
15,"Proximity","",0.531250,0.530000,"53"
15,"Proximity","",0.562500,0.560000,"56"
15,"Proximity","",0.593750,0.590000,"59"
15,"Proximity","",0.625000,0.620000,"62"
15,"Proximity","",0.656250,0.650000,"65"
15,"Proximity","",0.687500,0.680000,"68"
15,"Proximity","",0.718750,0.710000,"71"
15,"Proximity","",0.750000,0.750000,"75"
15,"Proximity","",0.781250,0.780000,"78"
15,"Proximity","",0.812500,0.810000,"81"
15,"Proximity","",0.843750,0.840000,"84"
15,"Proximity","",0.875000,0.870000,"87"
15,"Proximity","",0.906250,0.900000,"90"
15,"Proximity","",0.937500,0.930000,"93"
15,"Proximity","",0.968750,0.960000,"96"
15,"Proximity","",1.000000,1.000000,"100"
16,"Lowpass","",0.000000,0.000000,""
16,"Lowpass","",0.031250,0.030000,""
16,"Lowpass","",0.062500,0.060000,""
16,"Lowpass","",0.093750,0.090000,""
16,"Lowpass","",0.125000,0.120000,""
16,"Lowpass","",0.156250,0.150000,""
16,"Lowpass","",0.187500,0.180000,""
16,"Lowpass","",0.218750,0.210000,""
16,"Lowpass","",0.250000,0.250000,""
16,"Lowpass","",0.281250,0.280000,""
16,"Lowpass","",0.312500,0.310000,""
16,"Lowpass","",0.343750,0.340000,""
16,"Lowpass","",0.375000,0.370000,""
16,"Lowpass","",0.406250,0.400000,""
16,"Lowpass","",0.437500,0.430000,""
16,"Lowpass","",0.468750,0.460000,""
16,"Lowpass","",0.500000,0.500000,""
16,"Lowpass","",0.531250,0.530000,""
16,"Lowpass","",0.562500,0.560000,""
16,"Lowpass","",0.593750,0.590000,""
16,"Lowpass","",0.625000,0.620000,""
16,"Lowpass","",0.656250,0.650000,""
16,"Lowpass","",0.687500,0.680000,""
16,"Lowpass","",0.718750,0.710000,""
16,"Lowpass","",0.750000,0.750000,""
16,"Lowpass","",0.781250,0.780000,""
16,"Lowpass","",0.812500,0.810000,""
16,"Lowpass","",0.843750,0.840000,""
16,"Lowpass","",0.875000,0.870000,""
16,"Lowpass","",0.906250,0.900000,""
16,"Lowpass","",0.937500,0.930000,""
16,"Lowpass","",0.968750,0.960000,""
16,"Lowpass","",1.000000,1.000000,""
17,"'Q'","",0.000000,0.000000,""
17,"'Q'","",0.031250,0.030000,""
17,"'Q'","",0.062500,0.060000,""
17,"'Q'","",0.093750,0.090000,""
17,"'Q'","",0.125000,0.120000,""
17,"'Q'","",0.156250,0.150000,""
17,"'Q'","",0.187500,0.180000,""
17,"'Q'","",0.218750,0.210000,""
17,"'Q'","",0.250000,0.250000,""
17,"'Q'","",0.281250,0.280000,""
17,"'Q'","",0.312500,0.310000,""
17,"'Q'","",0.343750,0.340000,""
17,"'Q'","",0.375000,0.370000,""
17,"'Q'","",0.406250,0.400000,""
17,"'Q'","",0.437500,0.430000,""
17,"'Q'","",0.468750,0.460000,""
17,"'Q'","",0.500000,0.500000,""
17,"'Q'","",0.531250,0.530000,""
17,"'Q'","",0.562500,0.560000,""
17,"'Q'","",0.593750,0.590000,""
17,"'Q'","",0.625000,0.620000,""
17,"'Q'","",0.656250,0.650000,""
17,"'Q'","",0.687500,0.680000,""
17,"'Q'","",0.718750,0.710000,""
17,"'Q'","",0.750000,0.750000,""
17,"'Q'","",0.781250,0.780000,""
17,"'Q'","",0.812500,0.810000,""
17,"'Q'","",0.843750,0.840000,""
17,"'Q'","",0.875000,0.870000,""
17,"'Q'","",0.906250,0.900000,""
17,"'Q'","",0.937500,0.930000,""
17,"'Q'","",0.968750,0.960000,""
17,"'Q'","",1.000000,1.000000,""
18,"Overdrive","",0.000000,0.000000,""
18,"Overdrive","",0.031250,0.030000,""
18,"Overdrive","",0.062500,0.060000,""
18,"Overdrive","",0.093750,0.090000,""
18,"Overdrive","",0.125000,0.120000,""
18,"Overdrive","",0.156250,0.150000,""
18,"Overdrive","",0.187500,0.180000,""
18,"Overdrive","",0.218750,0.210000,""
18,"Overdrive","",0.250000,0.250000,""
18,"Overdrive","",0.281250,0.280000,""
18,"Overdrive","",0.312500,0.310000,""
18,"Overdrive","",0.343750,0.340000,""
18,"Overdrive","",0.375000,0.370000,""
18,"Overdrive","",0.406250,0.400000,""
18,"Overdrive","",0.437500,0.430000,""
18,"Overdrive","",0.468750,0.460000,""
18,"Overdrive","",0.500000,0.500000,""
18,"Overdrive","",0.531250,0.530000,""
18,"Overdrive","",0.562500,0.560000,""
18,"Overdrive","",0.593750,0.590000,""
18,"Overdrive","",0.625000,0.620000,""
18,"Overdrive","",0.656250,0.650000,""
18,"Overdrive","",0.687500,0.680000,""
18,"Overdrive","",0.718750,0.710000,""
18,"Overdrive","",0.750000,0.750000,""
18,"Overdrive","",0.781250,0.780000,""
18,"Overdrive","",0.812500,0.810000,""
18,"Overdrive","",0.843750,0.840000,""
18,"Overdrive","",0.875000,0.870000,""
18,"Overdrive","",0.906250,0.900000,""
18,"Overdrive","",0.937500,0.930000,""
18,"Overdrive","",0.968750,0.960000,""
18,"Overdrive","",1.000000,1.000000,""
19,"Oscillators","",0.000000,0.000000,"1"
19,"Oscillators","",0.031250,0.015873,"2"
19,"Oscillators","",0.062500,0.047619,"4"
19,"Oscillators","",0.093750,0.079365,"6"
19,"Oscillators","",0.125000,0.111111,"8"
19,"Oscillators","",0.156250,0.142857,"10"
19,"Oscillators","",0.187500,0.174603,"12"
19,"Oscillators","",0.218750,0.206349,"14"
19,"Oscillators","",0.250000,0.238095,"16"
19,"Oscillators","",0.281250,0.269841,"18"
19,"Oscillators","",0.312500,0.301587,"20"
19,"Oscillators","",0.343750,0.333333,"22"
19,"Oscillators","",0.375000,0.365079,"24"
19,"Oscillators","",0.406250,0.396825,"26"
19,"Oscillators","",0.437500,0.428571,"28"
19,"Oscillators","",0.468750,0.460317,"30"
19,"Oscillators","",0.500000,0.492064,"32"
19,"Oscillators","",0.531250,0.523810,"34"
19,"Oscillators","",0.562500,0.555556,"36"
19,"Oscillators","",0.593750,0.587302,"38"
19,"Oscillators","",0.625000,0.619048,"40"
19,"Oscillators","",0.656250,0.650794,"42"
19,"Oscillators","",0.687500,0.682540,"44"
19,"Oscillators","",0.718750,0.714286,"46"
19,"Oscillators","",0.750000,0.746032,"48"
19,"Oscillators","",0.781250,0.777778,"50"
19,"Oscillators","",0.812500,0.809524,"52"
19,"Oscillators","",0.843750,0.841270,"54"
19,"Oscillators","",0.875000,0.873016,"56"
19,"Oscillators","",0.906250,0.904762,"58"
19,"Oscillators","",0.937500,0.936508,"60"
19,"Oscillators","",0.968750,0.968254,"62"
19,"Oscillators","",1.000000,1.000000,"64"
20,"Portamento"," msec",0.000000,0.000000,"1"
20,"Portamento"," msec",0.031250,0.031031,"32"
20,"Portamento"," msec",0.062500,0.062062,"63"
20,"Portamento"," msec",0.093750,0.093093,"94"
20,"Portamento"," msec",0.125000,0.124124,"125"
20,"Portamento"," msec",0.156250,0.156156,"157"
20,"Portamento"," msec",0.187500,0.187187,"188"
20,"Portamento"," msec",0.218750,0.218218,"219"
20,"Portamento"," msec",0.250000,0.249249,"250"
20,"Portamento"," msec",0.281250,0.280280,"281"
20,"Portamento"," msec",0.312500,0.312312,"313"
20,"Portamento"," msec",0.343750,0.343343,"344"
20,"Portamento"," msec",0.375000,0.374374,"375"
20,"Portamento"," msec",0.406250,0.405405,"406"
20,"Portamento"," msec",0.437500,0.437437,"438"
20,"Portamento"," msec",0.468750,0.468468,"469"
20,"Portamento"," msec",0.500000,0.499499,"500"
20,"Portamento"," msec",0.531250,0.530531,"531"
20,"Portamento"," msec",0.562500,0.561562,"562"
20,"Portamento"," msec",0.593750,0.593594,"594"
20,"Portamento"," msec",0.625000,0.624625,"625"
20,"Portamento"," msec",0.656250,0.655656,"656"
20,"Portamento"," msec",0.687500,0.686687,"687"
20,"Portamento"," msec",0.718750,0.718719,"719"
20,"Portamento"," msec",0.750000,0.749750,"750"
20,"Portamento"," msec",0.781250,0.780781,"781"
20,"Portamento"," msec",0.812500,0.811812,"812"
20,"Portamento"," msec",0.843750,0.842843,"843"
20,"Portamento"," msec",0.875000,0.874875,"875"
20,"Portamento"," msec",0.906250,0.905906,"906"
20,"Portamento"," msec",0.937500,0.936937,"937"
20,"Portamento"," msec",0.968750,0.967968,"968"
20,"Portamento"," msec",1.000000,1.000000,"1000"
21,"Seed","",0.000000,0.000000,"0"
21,"Seed","",0.031250,0.031250,"4194304"
21,"Seed","",0.062500,0.062500,"8388608"
21,"Seed","",0.093750,0.093750,"12582912"
21,"Seed","",0.125000,0.125000,"16777216"
21,"Seed","",0.156250,0.156250,"20971520"
21,"Seed","",0.187500,0.187500,"25165824"
21,"Seed","",0.218750,0.218750,"29360128"
21,"Seed","",0.250000,0.250000,"33554432"
21,"Seed","",0.281250,0.281250,"37748736"
21,"Seed","",0.312500,0.312500,"41943040"
21,"Seed","",0.343750,0.343750,"46137344"
21,"Seed","",0.375000,0.375000,"50331648"
21,"Seed","",0.406250,0.406250,"54525952"
21,"Seed","",0.437500,0.437500,"58720256"
21,"Seed","",0.468750,0.468750,"62914560"
21,"Seed","",0.500000,0.500000,"67108864"
21,"Seed","",0.531250,0.531250,"71303168"
21,"Seed","",0.562500,0.562500,"75497472"
21,"Seed","",0.593750,0.593750,"79691776"
21,"Seed","",0.625000,0.625000,"83886080"
21,"Seed","",0.656250,0.656250,"88080384"
21,"Seed","",0.687500,0.687500,"92274688"
21,"Seed","",0.718750,0.718750,"96468992"
21,"Seed","",0.750000,0.750000,"100663296"
21,"Seed","",0.781250,0.781250,"104857600"
21,"Seed","",0.812500,0.812500,"109051904"
21,"Seed","",0.843750,0.843750,"113246208"
21,"Seed","",0.875000,0.875000,"117440512"
21,"Seed","",0.906250,0.906250,"121634816"
21,"Seed","",0.937500,0.937500,"125829120"
21,"Seed","",0.968750,0.968750,"130023424"
21,"Seed","",1.000000,1.000000,"134217728"
22,"Vl Atk Tm"," msec",0.000000,0.000000,"0.1"
22,"Vl Atk Tm"," msec",0.031250,0.031250,"9.87"
22,"Vl Atk Tm"," msec",0.062500,0.062500,"39.16"
22,"Vl Atk Tm"," msec",0.093750,0.093750,"87.99"
22,"Vl Atk Tm"," msec",0.125000,0.125000,"156.35"
22,"Vl Atk Tm"," msec",0.156250,0.156250,"244.24"
22,"Vl Atk Tm"," msec",0.187500,0.187500,"351.66"
22,"Vl Atk Tm"," msec",0.218750,0.218750,"478.61"
22,"Vl Atk Tm"," msec",0.250000,0.250000,"625.09"
22,"Vl Atk Tm"," msec",0.281250,0.281250,"791.1"
22,"Vl Atk Tm"," msec",0.312500,0.312500,"976.64"
22,"Vl Atk Tm"," msec",0.343750,0.343750,"1181.72"
22,"Vl Atk Tm"," msec",0.375000,0.375000,"1406.32"
22,"Vl Atk Tm"," msec",0.406250,0.406250,"1650.46"
22,"Vl Atk Tm"," msec",0.437500,0.437500,"1914.12"
22,"Vl Atk Tm"," msec",0.468750,0.468750,"2197.32"
22,"Vl Atk Tm"," msec",0.500000,0.500000,"2500.05"
22,"Vl Atk Tm"," msec",0.531250,0.531250,"2822.31"
22,"Vl Atk Tm"," msec",0.562500,0.562500,"3164.1"
22,"Vl Atk Tm"," msec",0.593750,0.593750,"3525.42"
22,"Vl Atk Tm"," msec",0.625000,0.625000,"3906.27"
22,"Vl Atk Tm"," msec",0.656250,0.656250,"4306.65"
22,"Vl Atk Tm"," msec",0.687500,0.687500,"4726.57"
22,"Vl Atk Tm"," msec",0.718750,0.718750,"5166.01"
22,"Vl Atk Tm"," msec",0.750000,0.750000,"5624.99"
22,"Vl Atk Tm"," msec",0.781250,0.781250,"6103.49"
22,"Vl Atk Tm"," msec",0.812500,0.812500,"6601.53"
22,"Vl Atk Tm"," msec",0.843750,0.843750,"7119.1"
22,"Vl Atk Tm"," msec",0.875000,0.875000,"7656.2"
22,"Vl Atk Tm"," msec",0.906250,0.906250,"8212.83"
22,"Vl Atk Tm"," msec",0.937500,0.937500,"8788.99"
22,"Vl Atk Tm"," msec",0.968750,0.968750,"9384.68"
22,"Vl Atk Tm"," msec",1.000000,1.000000,"9999.9"
23,"Vl Atk Lv"," %",0.000000,0.000000,"0"
23,"Vl Atk Lv"," %",0.031250,0.031250,"3"
23,"Vl Atk Lv"," %",0.062500,0.062500,"6"
23,"Vl Atk Lv"," %",0.093750,0.093750,"9"
23,"Vl Atk Lv"," %",0.125000,0.125000,"12"
23,"Vl Atk Lv"," %",0.156250,0.156250,"15"
23,"Vl Atk Lv"," %",0.187500,0.187500,"18"
23,"Vl Atk Lv"," %",0.218750,0.218750,"21"
23,"Vl Atk Lv"," %",0.250000,0.250000,"25"
23,"Vl Atk Lv"," %",0.281250,0.281250,"28"
23,"Vl Atk Lv"," %",0.312500,0.312500,"31"
23,"Vl Atk Lv"," %",0.343750,0.343750,"34"
23,"Vl Atk Lv"," %",0.375000,0.375000,"37"
23,"Vl Atk Lv"," %",0.406250,0.406250,"40"
23,"Vl Atk Lv"," %",0.437500,0.437500,"43"
23,"Vl Atk Lv"," %",0.468750,0.468750,"46"
23,"Vl Atk Lv"," %",0.500000,0.500000,"50"
23,"Vl Atk Lv"," %",0.531250,0.531250,"53"
23,"Vl Atk Lv"," %",0.562500,0.562500,"56"
23,"Vl Atk Lv"," %",0.593750,0.593750,"59"
23,"Vl Atk Lv"," %",0.625000,0.625000,"62"
23,"Vl Atk Lv"," %",0.656250,0.656250,"65"
23,"Vl Atk Lv"," %",0.687500,0.687500,"68"
23,"Vl Atk Lv"," %",0.718750,0.718750,"71"
23,"Vl Atk Lv"," %",0.750000,0.750000,"75"
23,"Vl Atk Lv"," %",0.781250,0.781250,"78"
23,"Vl Atk Lv"," %",0.812500,0.812500,"81"
23,"Vl Atk Lv"," %",0.843750,0.843750,"84"
23,"Vl Atk Lv"," %",0.875000,0.875000,"87"
23,"Vl Atk Lv"," %",0.906250,0.906250,"90"
23,"Vl Atk Lv"," %",0.937500,0.937500,"93"
23,"Vl Atk Lv"," %",0.968750,0.968750,"96"
23,"Vl Atk Lv"," %",1.000000,1.000000,"100"
24,"Vl Dec Tm"," msec",0.000000,0.000000,"0.1"
24,"Vl Dec Tm"," msec",0.031250,0.031250,"9.87"
24,"Vl Dec Tm"," msec",0.062500,0.062500,"39.16"
24,"Vl Dec Tm"," msec",0.093750,0.093750,"87.99"
24,"Vl Dec Tm"," msec",0.125000,0.125000,"156.35"
24,"Vl Dec Tm"," msec",0.156250,0.156250,"244.24"
24,"Vl Dec Tm"," msec",0.187500,0.187500,"351.66"
24,"Vl Dec Tm"," msec",0.218750,0.218750,"478.61"
24,"Vl Dec Tm"," msec",0.250000,0.250000,"625.09"
24,"Vl Dec Tm"," msec",0.281250,0.281250,"791.1"
24,"Vl Dec Tm"," msec",0.312500,0.312500,"976.64"
24,"Vl Dec Tm"," msec",0.343750,0.343750,"1181.72"
24,"Vl Dec Tm"," msec",0.375000,0.375000,"1406.32"
24,"Vl Dec Tm"," msec",0.406250,0.406250,"1650.46"
24,"Vl Dec Tm"," msec",0.437500,0.437500,"1914.12"
24,"Vl Dec Tm"," msec",0.468750,0.468750,"2197.32"
24,"Vl Dec Tm"," msec",0.500000,0.500000,"2500.05"
24,"Vl Dec Tm"," msec",0.531250,0.531250,"2822.31"
24,"Vl Dec Tm"," msec",0.562500,0.562500,"3164.1"
24,"Vl Dec Tm"," msec",0.593750,0.593750,"3525.42"
24,"Vl Dec Tm"," msec",0.625000,0.625000,"3906.27"
24,"Vl Dec Tm"," msec",0.656250,0.656250,"4306.65"
24,"Vl Dec Tm"," msec",0.687500,0.687500,"4726.57"
24,"Vl Dec Tm"," msec",0.718750,0.718750,"5166.01"
24,"Vl Dec Tm"," msec",0.750000,0.750000,"5624.99"
24,"Vl Dec Tm"," msec",0.781250,0.781250,"6103.49"
24,"Vl Dec Tm"," msec",0.812500,0.812500,"6601.53"
24,"Vl Dec Tm"," msec",0.843750,0.843750,"7119.1"
24,"Vl Dec Tm"," msec",0.875000,0.875000,"7656.2"
24,"Vl Dec Tm"," msec",0.906250,0.906250,"8212.83"
24,"Vl Dec Tm"," msec",0.937500,0.937500,"8788.99"
24,"Vl Dec Tm"," msec",0.968750,0.968750,"9384.68"
24,"Vl Dec Tm"," msec",1.000000,1.000000,"9999.9"
25,"Vl Dec Lv"," %",0.000000,0.000000,"0"
25,"Vl Dec Lv"," %",0.031250,0.031250,"3"
25,"Vl Dec Lv"," %",0.062500,0.062500,"6"
25,"Vl Dec Lv"," %",0.093750,0.093750,"9"
25,"Vl Dec Lv"," %",0.125000,0.125000,"12"
25,"Vl Dec Lv"," %",0.156250,0.156250,"15"
25,"Vl Dec Lv"," %",0.187500,0.187500,"18"
25,"Vl Dec Lv"," %",0.218750,0.218750,"21"
25,"Vl Dec Lv"," %",0.250000,0.250000,"25"
25,"Vl Dec Lv"," %",0.281250,0.281250,"28"
25,"Vl Dec Lv"," %",0.312500,0.312500,"31"
25,"Vl Dec Lv"," %",0.343750,0.343750,"34"
25,"Vl Dec Lv"," %",0.375000,0.375000,"37"
25,"Vl Dec Lv"," %",0.406250,0.406250,"40"
25,"Vl Dec Lv"," %",0.437500,0.437500,"43"
25,"Vl Dec Lv"," %",0.468750,0.468750,"46"
25,"Vl Dec Lv"," %",0.500000,0.500000,"50"
25,"Vl Dec Lv"," %",0.531250,0.531250,"53"
25,"Vl Dec Lv"," %",0.562500,0.562500,"56"
25,"Vl Dec Lv"," %",0.593750,0.593750,"59"
25,"Vl Dec Lv"," %",0.625000,0.625000,"62"
25,"Vl Dec Lv"," %",0.656250,0.656250,"65"
25,"Vl Dec Lv"," %",0.687500,0.687500,"68"
25,"Vl Dec Lv"," %",0.718750,0.718750,"71"
25,"Vl Dec Lv"," %",0.750000,0.750000,"75"
25,"Vl Dec Lv"," %",0.781250,0.781250,"78"
25,"Vl Dec Lv"," %",0.812500,0.812500,"81"
25,"Vl Dec Lv"," %",0.843750,0.843750,"84"
25,"Vl Dec Lv"," %",0.875000,0.875000,"87"
25,"Vl Dec Lv"," %",0.906250,0.906250,"90"
25,"Vl Dec Lv"," %",0.937500,0.937500,"93"
25,"Vl Dec Lv"," %",0.968750,0.968750,"96"
25,"Vl Dec Lv"," %",1.000000,1.000000,"100"
26,"Vl Rel Tm"," msec",0.000000,0.000000,"0.1"
26,"Vl Rel Tm"," msec",0.031250,0.031250,"9.87"
26,"Vl Rel Tm"," msec",0.062500,0.062500,"39.16"
26,"Vl Rel Tm"," msec",0.093750,0.093750,"87.99"
26,"Vl Rel Tm"," msec",0.125000,0.125000,"156.35"
26,"Vl Rel Tm"," msec",0.156250,0.156250,"244.24"
26,"Vl Rel Tm"," msec",0.187500,0.187500,"351.66"
26,"Vl Rel Tm"," msec",0.218750,0.218750,"478.61"
26,"Vl Rel Tm"," msec",0.250000,0.250000,"625.09"
26,"Vl Rel Tm"," msec",0.281250,0.281250,"791.1"
26,"Vl Rel Tm"," msec",0.312500,0.312500,"976.64"
26,"Vl Rel Tm"," msec",0.343750,0.343750,"1181.72"
26,"Vl Rel Tm"," msec",0.375000,0.375000,"1406.32"
26,"Vl Rel Tm"," msec",0.406250,0.406250,"1650.46"
26,"Vl Rel Tm"," msec",0.437500,0.437500,"1914.12"
26,"Vl Rel Tm"," msec",0.468750,0.468750,"2197.32"
26,"Vl Rel Tm"," msec",0.500000,0.500000,"2500.05"
26,"Vl Rel Tm"," msec",0.531250,0.531250,"2822.31"
26,"Vl Rel Tm"," msec",0.562500,0.562500,"3164.1"
26,"Vl Rel Tm"," msec",0.593750,0.593750,"3525.42"
26,"Vl Rel Tm"," msec",0.625000,0.625000,"3906.27"
26,"Vl Rel Tm"," msec",0.656250,0.656250,"4306.65"
26,"Vl Rel Tm"," msec",0.687500,0.687500,"4726.57"
26,"Vl Rel Tm"," msec",0.718750,0.718750,"5166.01"
26,"Vl Rel Tm"," msec",0.750000,0.750000,"5624.99"
26,"Vl Rel Tm"," msec",0.781250,0.781250,"6103.49"
26,"Vl Rel Tm"," msec",0.812500,0.812500,"6601.53"
26,"Vl Rel Tm"," msec",0.843750,0.843750,"7119.1"
26,"Vl Rel Tm"," msec",0.875000,0.875000,"7656.2"
26,"Vl Rel Tm"," msec",0.906250,0.906250,"8212.83"
26,"Vl Rel Tm"," msec",0.937500,0.937500,"8788.99"
26,"Vl Rel Tm"," msec",0.968750,0.968750,"9384.68"
26,"Vl Rel Tm"," msec",1.000000,1.000000,"9999.9"
27,"Pt Env Rg"," s/tone",0.000000,0.000000,"0"
27,"Pt Env Rg"," s/tone",0.031250,0.000000,"0"
27,"Pt Env Rg"," s/tone",0.062500,0.041667,"1"
27,"Pt Env Rg"," s/tone",0.093750,0.083333,"2"
27,"Pt Env Rg"," s/tone",0.125000,0.125000,"3"
27,"Pt Env Rg"," s/tone",0.156250,0.125000,"3"
27,"Pt Env Rg"," s/tone",0.187500,0.166667,"4"
27,"Pt Env Rg"," s/tone",0.218750,0.208333,"5"
27,"Pt Env Rg"," s/tone",0.250000,0.250000,"6"
27,"Pt Env Rg"," s/tone",0.281250,0.250000,"6"
27,"Pt Env Rg"," s/tone",0.312500,0.291667,"7"
27,"Pt Env Rg"," s/tone",0.343750,0.333333,"8"
27,"Pt Env Rg"," s/tone",0.375000,0.375000,"9"
27,"Pt Env Rg"," s/tone",0.406250,0.375000,"9"
27,"Pt Env Rg"," s/tone",0.437500,0.416667,"10"
27,"Pt Env Rg"," s/tone",0.468750,0.458333,"11"
27,"Pt Env Rg"," s/tone",0.500000,0.500000,"12"
27,"Pt Env Rg"," s/tone",0.531250,0.500000,"12"
27,"Pt Env Rg"," s/tone",0.562500,0.541667,"13"
27,"Pt Env Rg"," s/tone",0.593750,0.583333,"14"
27,"Pt Env Rg"," s/tone",0.625000,0.625000,"15"
27,"Pt Env Rg"," s/tone",0.656250,0.625000,"15"
27,"Pt Env Rg"," s/tone",0.687500,0.666667,"16"
27,"Pt Env Rg"," s/tone",0.718750,0.708333,"17"
27,"Pt Env Rg"," s/tone",0.750000,0.750000,"18"
27,"Pt Env Rg"," s/tone",0.781250,0.750000,"18"
27,"Pt Env Rg"," s/tone",0.812500,0.791667,"19"
27,"Pt Env Rg"," s/tone",0.843750,0.833333,"20"
27,"Pt Env Rg"," s/tone",0.875000,0.875000,"21"
27,"Pt Env Rg"," s/tone",0.906250,0.875000,"21"
27,"Pt Env Rg"," s/tone",0.937500,0.916667,"22"
27,"Pt Env Rg"," s/tone",0.968750,0.958333,"23"
27,"Pt Env Rg"," s/tone",1.000000,1.000000,"24"
28,"Pt Ini Lv"," %",0.000000,0.000000,"0"
28,"Pt Ini Lv"," %",0.031250,0.031250,"3"
28,"Pt Ini Lv"," %",0.062500,0.062500,"6"
28,"Pt Ini Lv"," %",0.093750,0.093750,"9"
28,"Pt Ini Lv"," %",0.125000,0.125000,"12"
28,"Pt Ini Lv"," %",0.156250,0.156250,"15"
28,"Pt Ini Lv"," %",0.187500,0.187500,"18"
28,"Pt Ini Lv"," %",0.218750,0.218750,"21"
28,"Pt Ini Lv"," %",0.250000,0.250000,"25"
28,"Pt Ini Lv"," %",0.281250,0.281250,"28"
28,"Pt Ini Lv"," %",0.312500,0.312500,"31"
28,"Pt Ini Lv"," %",0.343750,0.343750,"34"
28,"Pt Ini Lv"," %",0.375000,0.375000,"37"
28,"Pt Ini Lv"," %",0.406250,0.406250,"40"
28,"Pt Ini Lv"," %",0.437500,0.437500,"43"
28,"Pt Ini Lv"," %",0.468750,0.468750,"46"
28,"Pt Ini Lv"," %",0.500000,0.500000,"50"
28,"Pt Ini Lv"," %",0.531250,0.531250,"53"
28,"Pt Ini Lv"," %",0.562500,0.562500,"56"
28,"Pt Ini Lv"," %",0.593750,0.593750,"59"
28,"Pt Ini Lv"," %",0.625000,0.625000,"62"
28,"Pt Ini Lv"," %",0.656250,0.656250,"65"
28,"Pt Ini Lv"," %",0.687500,0.687500,"68"
28,"Pt Ini Lv"," %",0.718750,0.718750,"71"
28,"Pt Ini Lv"," %",0.750000,0.750000,"75"
28,"Pt Ini Lv"," %",0.781250,0.781250,"78"
28,"Pt Ini Lv"," %",0.812500,0.812500,"81"
28,"Pt Ini Lv"," %",0.843750,0.843750,"84"
28,"Pt Ini Lv"," %",0.875000,0.875000,"87"
28,"Pt Ini Lv"," %",0.906250,0.906250,"90"
28,"Pt Ini Lv"," %",0.937500,0.937500,"93"
28,"Pt Ini Lv"," %",0.968750,0.968750,"96"
28,"Pt Ini Lv"," %",1.000000,1.000000,"100"
29,"Pt Atk Tm"," msec",0.000000,0.000000,"0.1"
29,"Pt Atk Tm"," msec",0.031250,0.031250,"9.87"
29,"Pt Atk Tm"," msec",0.062500,0.062500,"39.16"
29,"Pt Atk Tm"," msec",0.093750,0.093750,"87.99"
29,"Pt Atk Tm"," msec",0.125000,0.125000,"156.35"
29,"Pt Atk Tm"," msec",0.156250,0.156250,"244.24"
29,"Pt Atk Tm"," msec",0.187500,0.187500,"351.66"
29,"Pt Atk Tm"," msec",0.218750,0.218750,"478.61"
29,"Pt Atk Tm"," msec",0.250000,0.250000,"625.09"
29,"Pt Atk Tm"," msec",0.281250,0.281250,"791.1"
29,"Pt Atk Tm"," msec",0.312500,0.312500,"976.64"
29,"Pt Atk Tm"," msec",0.343750,0.343750,"1181.72"
29,"Pt Atk Tm"," msec",0.375000,0.375000,"1406.32"
29,"Pt Atk Tm"," msec",0.406250,0.406250,"1650.46"
29,"Pt Atk Tm"," msec",0.437500,0.437500,"1914.12"
29,"Pt Atk Tm"," msec",0.468750,0.468750,"2197.32"
29,"Pt Atk Tm"," msec",0.500000,0.500000,"2500.05"
29,"Pt Atk Tm"," msec",0.531250,0.531250,"2822.31"
29,"Pt Atk Tm"," msec",0.562500,0.562500,"3164.1"
29,"Pt Atk Tm"," msec",0.593750,0.593750,"3525.42"
29,"Pt Atk Tm"," msec",0.625000,0.625000,"3906.27"
29,"Pt Atk Tm"," msec",0.656250,0.656250,"4306.65"
29,"Pt Atk Tm"," msec",0.687500,0.687500,"4726.57"
29,"Pt Atk Tm"," msec",0.718750,0.718750,"5166.01"
29,"Pt Atk Tm"," msec",0.750000,0.750000,"5624.99"
29,"Pt Atk Tm"," msec",0.781250,0.781250,"6103.49"
29,"Pt Atk Tm"," msec",0.812500,0.812500,"6601.53"
29,"Pt Atk Tm"," msec",0.843750,0.843750,"7119.1"
29,"Pt Atk Tm"," msec",0.875000,0.875000,"7656.2"
29,"Pt Atk Tm"," msec",0.906250,0.906250,"8212.83"
29,"Pt Atk Tm"," msec",0.937500,0.937500,"8788.99"
29,"Pt Atk Tm"," msec",0.968750,0.968750,"9384.68"
29,"Pt Atk Tm"," msec",1.000000,1.000000,"9999.9"
30,"Pt Atk Lv"," %",0.000000,0.000000,"0"
30,"Pt Atk Lv"," %",0.031250,0.031250,"3"
30,"Pt Atk Lv"," %",0.062500,0.062500,"6"
30,"Pt Atk Lv"," %",0.093750,0.093750,"9"
30,"Pt Atk Lv"," %",0.125000,0.125000,"12"
30,"Pt Atk Lv"," %",0.156250,0.156250,"15"
30,"Pt Atk Lv"," %",0.187500,0.187500,"18"
30,"Pt Atk Lv"," %",0.218750,0.218750,"21"
30,"Pt Atk Lv"," %",0.250000,0.250000,"25"
30,"Pt Atk Lv"," %",0.281250,0.281250,"28"
30,"Pt Atk Lv"," %",0.312500,0.312500,"31"
30,"Pt Atk Lv"," %",0.343750,0.343750,"34"
30,"Pt Atk Lv"," %",0.375000,0.375000,"37"
30,"Pt Atk Lv"," %",0.406250,0.406250,"40"
30,"Pt Atk Lv"," %",0.437500,0.437500,"43"
30,"Pt Atk Lv"," %",0.468750,0.468750,"46"
30,"Pt Atk Lv"," %",0.500000,0.500000,"50"
30,"Pt Atk Lv"," %",0.531250,0.531250,"53"
30,"Pt Atk Lv"," %",0.562500,0.562500,"56"
30,"Pt Atk Lv"," %",0.593750,0.593750,"59"
30,"Pt Atk Lv"," %",0.625000,0.625000,"62"
30,"Pt Atk Lv"," %",0.656250,0.656250,"65"
30,"Pt Atk Lv"," %",0.687500,0.687500,"68"
30,"Pt Atk Lv"," %",0.718750,0.718750,"71"
30,"Pt Atk Lv"," %",0.750000,0.750000,"75"
30,"Pt Atk Lv"," %",0.781250,0.781250,"78"
30,"Pt Atk Lv"," %",0.812500,0.812500,"81"
30,"Pt Atk Lv"," %",0.843750,0.843750,"84"
30,"Pt Atk Lv"," %",0.875000,0.875000,"87"
30,"Pt Atk Lv"," %",0.906250,0.906250,"90"
30,"Pt Atk Lv"," %",0.937500,0.937500,"93"
30,"Pt Atk Lv"," %",0.968750,0.968750,"96"
30,"Pt Atk Lv"," %",1.000000,1.000000,"100"
31,"Pt Dec Tm"," msec",0.000000,0.000000,"0.1"
31,"Pt Dec Tm"," msec",0.031250,0.031250,"9.87"
31,"Pt Dec Tm"," msec",0.062500,0.062500,"39.16"
31,"Pt Dec Tm"," msec",0.093750,0.093750,"87.99"
31,"Pt Dec Tm"," msec",0.125000,0.125000,"156.35"
31,"Pt Dec Tm"," msec",0.156250,0.156250,"244.24"
31,"Pt Dec Tm"," msec",0.187500,0.187500,"351.66"
31,"Pt Dec Tm"," msec",0.218750,0.218750,"478.61"
31,"Pt Dec Tm"," msec",0.250000,0.250000,"625.09"
31,"Pt Dec Tm"," msec",0.281250,0.281250,"791.1"
31,"Pt Dec Tm"," msec",0.312500,0.312500,"976.64"
31,"Pt Dec Tm"," msec",0.343750,0.343750,"1181.72"
31,"Pt Dec Tm"," msec",0.375000,0.375000,"1406.32"
31,"Pt Dec Tm"," msec",0.406250,0.406250,"1650.46"
31,"Pt Dec Tm"," msec",0.437500,0.437500,"1914.12"
31,"Pt Dec Tm"," msec",0.468750,0.468750,"2197.32"
31,"Pt Dec Tm"," msec",0.500000,0.500000,"2500.05"
31,"Pt Dec Tm"," msec",0.531250,0.531250,"2822.31"
31,"Pt Dec Tm"," msec",0.562500,0.562500,"3164.1"
31,"Pt Dec Tm"," msec",0.593750,0.593750,"3525.42"
31,"Pt Dec Tm"," msec",0.625000,0.625000,"3906.27"
31,"Pt Dec Tm"," msec",0.656250,0.656250,"4306.65"
31,"Pt Dec Tm"," msec",0.687500,0.687500,"4726.57"
31,"Pt Dec Tm"," msec",0.718750,0.718750,"5166.01"
31,"Pt Dec Tm"," msec",0.750000,0.750000,"5624.99"
31,"Pt Dec Tm"," msec",0.781250,0.781250,"6103.49"
31,"Pt Dec Tm"," msec",0.812500,0.812500,"6601.53"
31,"Pt Dec Tm"," msec",0.843750,0.843750,"7119.1"
31,"Pt Dec Tm"," msec",0.875000,0.875000,"7656.2"
31,"Pt Dec Tm"," msec",0.906250,0.906250,"8212.83"
31,"Pt Dec Tm"," msec",0.937500,0.937500,"8788.99"
31,"Pt Dec Tm"," msec",0.968750,0.968750,"9384.68"
31,"Pt Dec Tm"," msec",1.000000,1.000000,"9999.9"
32,"Pt Dec Lv"," %",0.000000,0.000000,"0"
32,"Pt Dec Lv"," %",0.031250,0.031250,"3"
32,"Pt Dec Lv"," %",0.062500,0.062500,"6"
32,"Pt Dec Lv"," %",0.093750,0.093750,"9"
32,"Pt Dec Lv"," %",0.125000,0.125000,"12"
32,"Pt Dec Lv"," %",0.156250,0.156250,"15"
32,"Pt Dec Lv"," %",0.187500,0.187500,"18"
32,"Pt Dec Lv"," %",0.218750,0.218750,"21"
32,"Pt Dec Lv"," %",0.250000,0.250000,"25"
32,"Pt Dec Lv"," %",0.281250,0.281250,"28"
32,"Pt Dec Lv"," %",0.312500,0.312500,"31"
32,"Pt Dec Lv"," %",0.343750,0.343750,"34"
32,"Pt Dec Lv"," %",0.375000,0.375000,"37"
32,"Pt Dec Lv"," %",0.406250,0.406250,"40"
32,"Pt Dec Lv"," %",0.437500,0.437500,"43"
32,"Pt Dec Lv"," %",0.468750,0.468750,"46"
32,"Pt Dec Lv"," %",0.500000,0.500000,"50"
32,"Pt Dec Lv"," %",0.531250,0.531250,"53"
32,"Pt Dec Lv"," %",0.562500,0.562500,"56"
32,"Pt Dec Lv"," %",0.593750,0.593750,"59"
32,"Pt Dec Lv"," %",0.625000,0.625000,"62"
32,"Pt Dec Lv"," %",0.656250,0.656250,"65"
32,"Pt Dec Lv"," %",0.687500,0.687500,"68"
32,"Pt Dec Lv"," %",0.718750,0.718750,"71"
32,"Pt Dec Lv"," %",0.750000,0.750000,"75"
32,"Pt Dec Lv"," %",0.781250,0.781250,"78"
32,"Pt Dec Lv"," %",0.812500,0.812500,"81"
32,"Pt Dec Lv"," %",0.843750,0.843750,"84"
32,"Pt Dec Lv"," %",0.875000,0.875000,"87"
32,"Pt Dec Lv"," %",0.906250,0.906250,"90"
32,"Pt Dec Lv"," %",0.937500,0.937500,"93"
32,"Pt Dec Lv"," %",0.968750,0.968750,"96"
32,"Pt Dec Lv"," %",1.000000,1.000000,"100"
33,"Pt Rel Tm"," msec",0.000000,0.000000,"0.1"
33,"Pt Rel Tm"," msec",0.031250,0.031250,"9.87"
33,"Pt Rel Tm"," msec",0.062500,0.062500,"39.16"
33,"Pt Rel Tm"," msec",0.093750,0.093750,"87.99"
33,"Pt Rel Tm"," msec",0.125000,0.125000,"156.35"
33,"Pt Rel Tm"," msec",0.156250,0.156250,"244.24"
33,"Pt Rel Tm"," msec",0.187500,0.187500,"351.66"
33,"Pt Rel Tm"," msec",0.218750,0.218750,"478.61"
33,"Pt Rel Tm"," msec",0.250000,0.250000,"625.09"
33,"Pt Rel Tm"," msec",0.281250,0.281250,"791.1"
33,"Pt Rel Tm"," msec",0.312500,0.312500,"976.64"
33,"Pt Rel Tm"," msec",0.343750,0.343750,"1181.72"
33,"Pt Rel Tm"," msec",0.375000,0.375000,"1406.32"
33,"Pt Rel Tm"," msec",0.406250,0.406250,"1650.46"
33,"Pt Rel Tm"," msec",0.437500,0.437500,"1914.12"
33,"Pt Rel Tm"," msec",0.468750,0.468750,"2197.32"
33,"Pt Rel Tm"," msec",0.500000,0.500000,"2500.05"
33,"Pt Rel Tm"," msec",0.531250,0.531250,"2822.31"
33,"Pt Rel Tm"," msec",0.562500,0.562500,"3164.1"
33,"Pt Rel Tm"," msec",0.593750,0.593750,"3525.42"
33,"Pt Rel Tm"," msec",0.625000,0.625000,"3906.27"
33,"Pt Rel Tm"," msec",0.656250,0.656250,"4306.65"
33,"Pt Rel Tm"," msec",0.687500,0.687500,"4726.57"
33,"Pt Rel Tm"," msec",0.718750,0.718750,"5166.01"
33,"Pt Rel Tm"," msec",0.750000,0.750000,"5624.99"
33,"Pt Rel Tm"," msec",0.781250,0.781250,"6103.49"
33,"Pt Rel Tm"," msec",0.812500,0.812500,"6601.53"
33,"Pt Rel Tm"," msec",0.843750,0.843750,"7119.1"
33,"Pt Rel Tm"," msec",0.875000,0.875000,"7656.2"
33,"Pt Rel Tm"," msec",0.906250,0.906250,"8212.83"
33,"Pt Rel Tm"," msec",0.937500,0.937500,"8788.99"
33,"Pt Rel Tm"," msec",0.968750,0.968750,"9384.68"
33,"Pt Rel Tm"," msec",1.000000,1.000000,"9999.9"
34,"Pt Rel Lv"," %",0.000000,0.000000,"0"
34,"Pt Rel Lv"," %",0.031250,0.031250,"3"
34,"Pt Rel Lv"," %",0.062500,0.062500,"6"
34,"Pt Rel Lv"," %",0.093750,0.093750,"9"
34,"Pt Rel Lv"," %",0.125000,0.125000,"12"
34,"Pt Rel Lv"," %",0.156250,0.156250,"15"
34,"Pt Rel Lv"," %",0.187500,0.187500,"18"
34,"Pt Rel Lv"," %",0.218750,0.218750,"21"
34,"Pt Rel Lv"," %",0.250000,0.250000,"25"
34,"Pt Rel Lv"," %",0.281250,0.281250,"28"
34,"Pt Rel Lv"," %",0.312500,0.312500,"31"
34,"Pt Rel Lv"," %",0.343750,0.343750,"34"
34,"Pt Rel Lv"," %",0.375000,0.375000,"37"
34,"Pt Rel Lv"," %",0.406250,0.406250,"40"
34,"Pt Rel Lv"," %",0.437500,0.437500,"43"
34,"Pt Rel Lv"," %",0.468750,0.468750,"46"
34,"Pt Rel Lv"," %",0.500000,0.500000,"50"
34,"Pt Rel Lv"," %",0.531250,0.531250,"53"
34,"Pt Rel Lv"," %",0.562500,0.562500,"56"
34,"Pt Rel Lv"," %",0.593750,0.593750,"59"
34,"Pt Rel Lv"," %",0.625000,0.625000,"62"
34,"Pt Rel Lv"," %",0.656250,0.656250,"65"
34,"Pt Rel Lv"," %",0.687500,0.687500,"68"
34,"Pt Rel Lv"," %",0.718750,0.718750,"71"
34,"Pt Rel Lv"," %",0.750000,0.750000,"75"
34,"Pt Rel Lv"," %",0.781250,0.781250,"78"
34,"Pt Rel Lv"," %",0.812500,0.812500,"81"
34,"Pt Rel Lv"," %",0.843750,0.843750,"84"
34,"Pt Rel Lv"," %",0.875000,0.875000,"87"
34,"Pt Rel Lv"," %",0.906250,0.906250,"90"
34,"Pt Rel Lv"," %",0.937500,0.937500,"93"
34,"Pt Rel Lv"," %",0.968750,0.968750,"96"
34,"Pt Rel Lv"," %",1.000000,1.000000,"100"
35,"Pn Env Rg"," %",0.000000,0.000000,"0"
35,"Pn Env Rg"," %",0.031250,0.030000,"3"
35,"Pn Env Rg"," %",0.062500,0.060000,"6"
35,"Pn Env Rg"," %",0.093750,0.090000,"9"
35,"Pn Env Rg"," %",0.125000,0.120000,"12"
35,"Pn Env Rg"," %",0.156250,0.150000,"15"
35,"Pn Env Rg"," %",0.187500,0.180000,"18"
35,"Pn Env Rg"," %",0.218750,0.210000,"21"
35,"Pn Env Rg"," %",0.250000,0.250000,"25"
35,"Pn Env Rg"," %",0.281250,0.280000,"28"
35,"Pn Env Rg"," %",0.312500,0.310000,"31"
35,"Pn Env Rg"," %",0.343750,0.340000,"34"
35,"Pn Env Rg"," %",0.375000,0.370000,"37"
35,"Pn Env Rg"," %",0.406250,0.400000,"40"
35,"Pn Env Rg"," %",0.437500,0.430000,"43"
35,"Pn Env Rg"," %",0.468750,0.460000,"46"
35,"Pn Env Rg"," %",0.500000,0.500000,"50"
35,"Pn Env Rg"," %",0.531250,0.530000,"53"
35,"Pn Env Rg"," %",0.562500,0.560000,"56"
35,"Pn Env Rg"," %",0.593750,0.590000,"59"
35,"Pn Env Rg"," %",0.625000,0.620000,"62"
35,"Pn Env Rg"," %",0.656250,0.650000,"65"
35,"Pn Env Rg"," %",0.687500,0.680000,"68"
35,"Pn Env Rg"," %",0.718750,0.710000,"71"
35,"Pn Env Rg"," %",0.750000,0.750000,"75"
35,"Pn Env Rg"," %",0.781250,0.780000,"78"
35,"Pn Env Rg"," %",0.812500,0.810000,"81"
35,"Pn Env Rg"," %",0.843750,0.840000,"84"
35,"Pn Env Rg"," %",0.875000,0.870000,"87"
35,"Pn Env Rg"," %",0.906250,0.900000,"90"
35,"Pn Env Rg"," %",0.937500,0.930000,"93"
35,"Pn Env Rg"," %",0.968750,0.960000,"96"
35,"Pn Env Rg"," %",1.000000,1.000000,"100"
36,"Pn Ini Lv"," %",0.000000,0.000000,"0"
36,"Pn Ini Lv"," %",0.031250,0.031250,"3"
36,"Pn Ini Lv"," %",0.062500,0.062500,"6"
36,"Pn Ini Lv"," %",0.093750,0.093750,"9"
36,"Pn Ini Lv"," %",0.125000,0.125000,"12"
36,"Pn Ini Lv"," %",0.156250,0.156250,"15"
36,"Pn Ini Lv"," %",0.187500,0.187500,"18"
36,"Pn Ini Lv"," %",0.218750,0.218750,"21"
36,"Pn Ini Lv"," %",0.250000,0.250000,"25"
36,"Pn Ini Lv"," %",0.281250,0.281250,"28"
36,"Pn Ini Lv"," %",0.312500,0.312500,"31"
36,"Pn Ini Lv"," %",0.343750,0.343750,"34"
36,"Pn Ini Lv"," %",0.375000,0.375000,"37"
36,"Pn Ini Lv"," %",0.406250,0.406250,"40"
36,"Pn Ini Lv"," %",0.437500,0.437500,"43"
36,"Pn Ini Lv"," %",0.468750,0.468750,"46"
36,"Pn Ini Lv"," %",0.500000,0.500000,"50"
36,"Pn Ini Lv"," %",0.531250,0.531250,"53"
36,"Pn Ini Lv"," %",0.562500,0.562500,"56"
36,"Pn Ini Lv"," %",0.593750,0.593750,"59"
36,"Pn Ini Lv"," %",0.625000,0.625000,"62"
36,"Pn Ini Lv"," %",0.656250,0.656250,"65"
36,"Pn Ini Lv"," %",0.687500,0.687500,"68"
36,"Pn Ini Lv"," %",0.718750,0.718750,"71"
36,"Pn Ini Lv"," %",0.750000,0.750000,"75"
36,"Pn Ini Lv"," %",0.781250,0.781250,"78"
36,"Pn Ini Lv"," %",0.812500,0.812500,"81"
36,"Pn Ini Lv"," %",0.843750,0.843750,"84"
36,"Pn Ini Lv"," %",0.875000,0.875000,"87"
36,"Pn Ini Lv"," %",0.906250,0.906250,"90"
36,"Pn Ini Lv"," %",0.937500,0.937500,"93"
36,"Pn Ini Lv"," %",0.968750,0.968750,"96"
36,"Pn Ini Lv"," %",1.000000,1.000000,"100"
37,"Pn Atk Tm"," msec",0.000000,0.000000,"0.1"
37,"Pn Atk Tm"," msec",0.031250,0.031250,"9.87"
37,"Pn Atk Tm"," msec",0.062500,0.062500,"39.16"
37,"Pn Atk Tm"," msec",0.093750,0.093750,"87.99"
37,"Pn Atk Tm"," msec",0.125000,0.125000,"156.35"
37,"Pn Atk Tm"," msec",0.156250,0.156250,"244.24"
37,"Pn Atk Tm"," msec",0.187500,0.187500,"351.66"
37,"Pn Atk Tm"," msec",0.218750,0.218750,"478.61"
37,"Pn Atk Tm"," msec",0.250000,0.250000,"625.09"
37,"Pn Atk Tm"," msec",0.281250,0.281250,"791.1"
37,"Pn Atk Tm"," msec",0.312500,0.312500,"976.64"
37,"Pn Atk Tm"," msec",0.343750,0.343750,"1181.72"
37,"Pn Atk Tm"," msec",0.375000,0.375000,"1406.32"
37,"Pn Atk Tm"," msec",0.406250,0.406250,"1650.46"
37,"Pn Atk Tm"," msec",0.437500,0.437500,"1914.12"
37,"Pn Atk Tm"," msec",0.468750,0.468750,"2197.32"
37,"Pn Atk Tm"," msec",0.500000,0.500000,"2500.05"
37,"Pn Atk Tm"," msec",0.531250,0.531250,"2822.31"
37,"Pn Atk Tm"," msec",0.562500,0.562500,"3164.1"
37,"Pn Atk Tm"," msec",0.593750,0.593750,"3525.42"
37,"Pn Atk Tm"," msec",0.625000,0.625000,"3906.27"
37,"Pn Atk Tm"," msec",0.656250,0.656250,"4306.65"
37,"Pn Atk Tm"," msec",0.687500,0.687500,"4726.57"
37,"Pn Atk Tm"," msec",0.718750,0.718750,"5166.01"
37,"Pn Atk Tm"," msec",0.750000,0.750000,"5624.99"
37,"Pn Atk Tm"," msec",0.781250,0.781250,"6103.49"
37,"Pn Atk Tm"," msec",0.812500,0.812500,"6601.53"
37,"Pn Atk Tm"," msec",0.843750,0.843750,"7119.1"
37,"Pn Atk Tm"," msec",0.875000,0.875000,"7656.2"
37,"Pn Atk Tm"," msec",0.906250,0.906250,"8212.83"
37,"Pn Atk Tm"," msec",0.937500,0.937500,"8788.99"
37,"Pn Atk Tm"," msec",0.968750,0.968750,"9384.68"
37,"Pn Atk Tm"," msec",1.000000,1.000000,"9999.9"
38,"Pn Atk Lv"," %",0.000000,0.000000,"0"
38,"Pn Atk Lv"," %",0.031250,0.031250,"3"
38,"Pn Atk Lv"," %",0.062500,0.062500,"6"
38,"Pn Atk Lv"," %",0.093750,0.093750,"9"
38,"Pn Atk Lv"," %",0.125000,0.125000,"12"
38,"Pn Atk Lv"," %",0.156250,0.156250,"15"
38,"Pn Atk Lv"," %",0.187500,0.187500,"18"
38,"Pn Atk Lv"," %",0.218750,0.218750,"21"
38,"Pn Atk Lv"," %",0.250000,0.250000,"25"
38,"Pn Atk Lv"," %",0.281250,0.281250,"28"
38,"Pn Atk Lv"," %",0.312500,0.312500,"31"
38,"Pn Atk Lv"," %",0.343750,0.343750,"34"
38,"Pn Atk Lv"," %",0.375000,0.375000,"37"
38,"Pn Atk Lv"," %",0.406250,0.406250,"40"
38,"Pn Atk Lv"," %",0.437500,0.437500,"43"
38,"Pn Atk Lv"," %",0.468750,0.468750,"46"
38,"Pn Atk Lv"," %",0.500000,0.500000,"50"
38,"Pn Atk Lv"," %",0.531250,0.531250,"53"
38,"Pn Atk Lv"," %",0.562500,0.562500,"56"
38,"Pn Atk Lv"," %",0.593750,0.593750,"59"
38,"Pn Atk Lv"," %",0.625000,0.625000,"62"
38,"Pn Atk Lv"," %",0.656250,0.656250,"65"
38,"Pn Atk Lv"," %",0.687500,0.687500,"68"
38,"Pn Atk Lv"," %",0.718750,0.718750,"71"
38,"Pn Atk Lv"," %",0.750000,0.750000,"75"
38,"Pn Atk Lv"," %",0.781250,0.781250,"78"
38,"Pn Atk Lv"," %",0.812500,0.812500,"81"
38,"Pn Atk Lv"," %",0.843750,0.843750,"84"
38,"Pn Atk Lv"," %",0.875000,0.875000,"87"
38,"Pn Atk Lv"," %",0.906250,0.906250,"90"
38,"Pn Atk Lv"," %",0.937500,0.937500,"93"
38,"Pn Atk Lv"," %",0.968750,0.968750,"96"
38,"Pn Atk Lv"," %",1.000000,1.000000,"100"
39,"Pn Dec Tm"," msec",0.000000,0.000000,"0.1"
39,"Pn Dec Tm"," msec",0.031250,0.031250,"9.87"
39,"Pn Dec Tm"," msec",0.062500,0.062500,"39.16"
39,"Pn Dec Tm"," msec",0.093750,0.093750,"87.99"
39,"Pn Dec Tm"," msec",0.125000,0.125000,"156.35"
39,"Pn Dec Tm"," msec",0.156250,0.156250,"244.24"
39,"Pn Dec Tm"," msec",0.187500,0.187500,"351.66"
39,"Pn Dec Tm"," msec",0.218750,0.218750,"478.61"
39,"Pn Dec Tm"," msec",0.250000,0.250000,"625.09"
39,"Pn Dec Tm"," msec",0.281250,0.281250,"791.1"
39,"Pn Dec Tm"," msec",0.312500,0.312500,"976.64"
39,"Pn Dec Tm"," msec",0.343750,0.343750,"1181.72"
39,"Pn Dec Tm"," msec",0.375000,0.375000,"1406.32"
39,"Pn Dec Tm"," msec",0.406250,0.406250,"1650.46"
39,"Pn Dec Tm"," msec",0.437500,0.437500,"1914.12"
39,"Pn Dec Tm"," msec",0.468750,0.468750,"2197.32"
39,"Pn Dec Tm"," msec",0.500000,0.500000,"2500.05"
39,"Pn Dec Tm"," msec",0.531250,0.531250,"2822.31"
39,"Pn Dec Tm"," msec",0.562500,0.562500,"3164.1"
39,"Pn Dec Tm"," msec",0.593750,0.593750,"3525.42"
39,"Pn Dec Tm"," msec",0.625000,0.625000,"3906.27"
39,"Pn Dec Tm"," msec",0.656250,0.656250,"4306.65"
39,"Pn Dec Tm"," msec",0.687500,0.687500,"4726.57"
39,"Pn Dec Tm"," msec",0.718750,0.718750,"5166.01"
39,"Pn Dec Tm"," msec",0.750000,0.750000,"5624.99"
39,"Pn Dec Tm"," msec",0.781250,0.781250,"6103.49"
39,"Pn Dec Tm"," msec",0.812500,0.812500,"6601.53"
39,"Pn Dec Tm"," msec",0.843750,0.843750,"7119.1"
39,"Pn Dec Tm"," msec",0.875000,0.875000,"7656.2"
39,"Pn Dec Tm"," msec",0.906250,0.906250,"8212.83"
39,"Pn Dec Tm"," msec",0.937500,0.937500,"8788.99"
39,"Pn Dec Tm"," msec",0.968750,0.968750,"9384.68"
39,"Pn Dec Tm"," msec",1.000000,1.000000,"9999.9"
40,"Pn Dec Lv"," %",0.000000,0.000000,"0"
40,"Pn Dec Lv"," %",0.031250,0.031250,"3"
40,"Pn Dec Lv"," %",0.062500,0.062500,"6"
40,"Pn Dec Lv"," %",0.093750,0.093750,"9"
40,"Pn Dec Lv"," %",0.125000,0.125000,"12"
40,"Pn Dec Lv"," %",0.156250,0.156250,"15"
40,"Pn Dec Lv"," %",0.187500,0.187500,"18"
40,"Pn Dec Lv"," %",0.218750,0.218750,"21"
40,"Pn Dec Lv"," %",0.250000,0.250000,"25"
40,"Pn Dec Lv"," %",0.281250,0.281250,"28"
40,"Pn Dec Lv"," %",0.312500,0.312500,"31"
40,"Pn Dec Lv"," %",0.343750,0.343750,"34"
40,"Pn Dec Lv"," %",0.375000,0.375000,"37"
40,"Pn Dec Lv"," %",0.406250,0.406250,"40"
40,"Pn Dec Lv"," %",0.437500,0.437500,"43"
40,"Pn Dec Lv"," %",0.468750,0.468750,"46"
40,"Pn Dec Lv"," %",0.500000,0.500000,"50"
40,"Pn Dec Lv"," %",0.531250,0.531250,"53"
40,"Pn Dec Lv"," %",0.562500,0.562500,"56"
40,"Pn Dec Lv"," %",0.593750,0.593750,"59"
40,"Pn Dec Lv"," %",0.625000,0.625000,"62"
40,"Pn Dec Lv"," %",0.656250,0.656250,"65"
40,"Pn Dec Lv"," %",0.687500,0.687500,"68"
40,"Pn Dec Lv"," %",0.718750,0.718750,"71"
40,"Pn Dec Lv"," %",0.750000,0.750000,"75"
40,"Pn Dec Lv"," %",0.781250,0.781250,"78"
40,"Pn Dec Lv"," %",0.812500,0.812500,"81"
40,"Pn Dec Lv"," %",0.843750,0.843750,"84"
40,"Pn Dec Lv"," %",0.875000,0.875000,"87"
40,"Pn Dec Lv"," %",0.906250,0.906250,"90"
40,"Pn Dec Lv"," %",0.937500,0.937500,"93"
40,"Pn Dec Lv"," %",0.968750,0.968750,"96"
40,"Pn Dec Lv"," %",1.000000,1.000000,"100"
41,"Pn Rel Tm"," msec",0.000000,0.000000,"0.1"
41,"Pn Rel Tm"," msec",0.031250,0.031250,"9.87"
41,"Pn Rel Tm"," msec",0.062500,0.062500,"39.16"
41,"Pn Rel Tm"," msec",0.093750,0.093750,"87.99"
41,"Pn Rel Tm"," msec",0.125000,0.125000,"156.35"
41,"Pn Rel Tm"," msec",0.156250,0.156250,"244.24"
41,"Pn Rel Tm"," msec",0.187500,0.187500,"351.66"
41,"Pn Rel Tm"," msec",0.218750,0.218750,"478.61"
41,"Pn Rel Tm"," msec",0.250000,0.250000,"625.09"
41,"Pn Rel Tm"," msec",0.281250,0.281250,"791.1"
41,"Pn Rel Tm"," msec",0.312500,0.312500,"976.64"
41,"Pn Rel Tm"," msec",0.343750,0.343750,"1181.72"
41,"Pn Rel Tm"," msec",0.375000,0.375000,"1406.32"
41,"Pn Rel Tm"," msec",0.406250,0.406250,"1650.46"
41,"Pn Rel Tm"," msec",0.437500,0.437500,"1914.12"
41,"Pn Rel Tm"," msec",0.468750,0.468750,"2197.32"
41,"Pn Rel Tm"," msec",0.500000,0.500000,"2500.05"
41,"Pn Rel Tm"," msec",0.531250,0.531250,"2822.31"
41,"Pn Rel Tm"," msec",0.562500,0.562500,"3164.1"
41,"Pn Rel Tm"," msec",0.593750,0.593750,"3525.42"
41,"Pn Rel Tm"," msec",0.625000,0.625000,"3906.27"
41,"Pn Rel Tm"," msec",0.656250,0.656250,"4306.65"
41,"Pn Rel Tm"," msec",0.687500,0.687500,"4726.57"
41,"Pn Rel Tm"," msec",0.718750,0.718750,"5166.01"
41,"Pn Rel Tm"," msec",0.750000,0.750000,"5624.99"
41,"Pn Rel Tm"," msec",0.781250,0.781250,"6103.49"
41,"Pn Rel Tm"," msec",0.812500,0.812500,"6601.53"
41,"Pn Rel Tm"," msec",0.843750,0.843750,"7119.1"
41,"Pn Rel Tm"," msec",0.875000,0.875000,"7656.2"
41,"Pn Rel Tm"," msec",0.906250,0.906250,"8212.83"
41,"Pn Rel Tm"," msec",0.937500,0.937500,"8788.99"
41,"Pn Rel Tm"," msec",0.968750,0.968750,"9384.68"
41,"Pn Rel Tm"," msec",1.000000,1.000000,"9999.9"
42,"Pn Rel Lv"," %",0.000000,0.000000,"0"
42,"Pn Rel Lv"," %",0.031250,0.031250,"3"
42,"Pn Rel Lv"," %",0.062500,0.062500,"6"
42,"Pn Rel Lv"," %",0.093750,0.093750,"9"
42,"Pn Rel Lv"," %",0.125000,0.125000,"12"
42,"Pn Rel Lv"," %",0.156250,0.156250,"15"
42,"Pn Rel Lv"," %",0.187500,0.187500,"18"
42,"Pn Rel Lv"," %",0.218750,0.218750,"21"
42,"Pn Rel Lv"," %",0.250000,0.250000,"25"
42,"Pn Rel Lv"," %",0.281250,0.281250,"28"
42,"Pn Rel Lv"," %",0.312500,0.312500,"31"
42,"Pn Rel Lv"," %",0.343750,0.343750,"34"
42,"Pn Rel Lv"," %",0.375000,0.375000,"37"
42,"Pn Rel Lv"," %",0.406250,0.406250,"40"
42,"Pn Rel Lv"," %",0.437500,0.437500,"43"
42,"Pn Rel Lv"," %",0.468750,0.468750,"46"
42,"Pn Rel Lv"," %",0.500000,0.500000,"50"
42,"Pn Rel Lv"," %",0.531250,0.531250,"53"
42,"Pn Rel Lv"," %",0.562500,0.562500,"56"
42,"Pn Rel Lv"," %",0.593750,0.593750,"59"
42,"Pn Rel Lv"," %",0.625000,0.625000,"62"
42,"Pn Rel Lv"," %",0.656250,0.656250,"65"
42,"Pn Rel Lv"," %",0.687500,0.687500,"68"
42,"Pn Rel Lv"," %",0.718750,0.718750,"71"
42,"Pn Rel Lv"," %",0.750000,0.750000,"75"
42,"Pn Rel Lv"," %",0.781250,0.781250,"78"
42,"Pn Rel Lv"," %",0.812500,0.812500,"81"
42,"Pn Rel Lv"," %",0.843750,0.843750,"84"
42,"Pn Rel Lv"," %",0.875000,0.875000,"87"
42,"Pn Rel Lv"," %",0.906250,0.906250,"90"
42,"Pn Rel Lv"," %",0.937500,0.937500,"93"
42,"Pn Rel Lv"," %",0.968750,0.968750,"96"
42,"Pn Rel Lv"," %",1.000000,1.000000,"100"
43,"Rs Env Rg"," %",0.000000,0.000000,"0"
43,"Rs Env Rg"," %",0.031250,0.020000,"1"
43,"Rs Env Rg"," %",0.062500,0.060000,"3"
43,"Rs Env Rg"," %",0.093750,0.080000,"4"
43,"Rs Env Rg"," %",0.125000,0.120000,"6"
43,"Rs Env Rg"," %",0.156250,0.140000,"7"
43,"Rs Env Rg"," %",0.187500,0.180000,"9"
43,"Rs Env Rg"," %",0.218750,0.200000,"10"
43,"Rs Env Rg"," %",0.250000,0.240000,"12"
43,"Rs Env Rg"," %",0.281250,0.280000,"14"
43,"Rs Env Rg"," %",0.312500,0.300000,"15"
43,"Rs Env Rg"," %",0.343750,0.340000,"17"
43,"Rs Env Rg"," %",0.375000,0.360000,"18"
43,"Rs Env Rg"," %",0.406250,0.400000,"20"
43,"Rs Env Rg"," %",0.437500,0.420000,"21"
43,"Rs Env Rg"," %",0.468750,0.460000,"23"
43,"Rs Env Rg"," %",0.500000,0.500000,"25"
43,"Rs Env Rg"," %",0.531250,0.520000,"26"
43,"Rs Env Rg"," %",0.562500,0.560000,"28"
43,"Rs Env Rg"," %",0.593750,0.580000,"29"
43,"Rs Env Rg"," %",0.625000,0.620000,"31"
43,"Rs Env Rg"," %",0.656250,0.640000,"32"
43,"Rs Env Rg"," %",0.687500,0.680000,"34"
43,"Rs Env Rg"," %",0.718750,0.700000,"35"
43,"Rs Env Rg"," %",0.750000,0.740000,"37"
43,"Rs Env Rg"," %",0.781250,0.780000,"39"
43,"Rs Env Rg"," %",0.812500,0.800000,"40"
43,"Rs Env Rg"," %",0.843750,0.840000,"42"
43,"Rs Env Rg"," %",0.875000,0.860000,"43"
43,"Rs Env Rg"," %",0.906250,0.900000,"45"
43,"Rs Env Rg"," %",0.937500,0.920000,"46"
43,"Rs Env Rg"," %",0.968750,0.960000,"48"
43,"Rs Env Rg"," %",1.000000,1.000000,"50"
44,"Rs Ini Lv"," %",0.000000,0.000000,"0"
44,"Rs Ini Lv"," %",0.031250,0.031250,"3"
44,"Rs Ini Lv"," %",0.062500,0.062500,"6"
44,"Rs Ini Lv"," %",0.093750,0.093750,"9"
44,"Rs Ini Lv"," %",0.125000,0.125000,"12"
44,"Rs Ini Lv"," %",0.156250,0.156250,"15"
44,"Rs Ini Lv"," %",0.187500,0.187500,"18"
44,"Rs Ini Lv"," %",0.218750,0.218750,"21"
44,"Rs Ini Lv"," %",0.250000,0.250000,"25"
44,"Rs Ini Lv"," %",0.281250,0.281250,"28"
44,"Rs Ini Lv"," %",0.312500,0.312500,"31"
44,"Rs Ini Lv"," %",0.343750,0.343750,"34"
44,"Rs Ini Lv"," %",0.375000,0.375000,"37"
44,"Rs Ini Lv"," %",0.406250,0.406250,"40"
44,"Rs Ini Lv"," %",0.437500,0.437500,"43"
44,"Rs Ini Lv"," %",0.468750,0.468750,"46"
44,"Rs Ini Lv"," %",0.500000,0.500000,"50"
44,"Rs Ini Lv"," %",0.531250,0.531250,"53"
44,"Rs Ini Lv"," %",0.562500,0.562500,"56"
44,"Rs Ini Lv"," %",0.593750,0.593750,"59"
44,"Rs Ini Lv"," %",0.625000,0.625000,"62"
44,"Rs Ini Lv"," %",0.656250,0.656250,"65"
44,"Rs Ini Lv"," %",0.687500,0.687500,"68"
44,"Rs Ini Lv"," %",0.718750,0.718750,"71"
44,"Rs Ini Lv"," %",0.750000,0.750000,"75"
44,"Rs Ini Lv"," %",0.781250,0.781250,"78"
44,"Rs Ini Lv"," %",0.812500,0.812500,"81"
44,"Rs Ini Lv"," %",0.843750,0.843750,"84"
44,"Rs Ini Lv"," %",0.875000,0.875000,"87"
44,"Rs Ini Lv"," %",0.906250,0.906250,"90"
44,"Rs Ini Lv"," %",0.937500,0.937500,"93"
44,"Rs Ini Lv"," %",0.968750,0.968750,"96"
44,"Rs Ini Lv"," %",1.000000,1.000000,"100"
45,"Rs Atk Tm"," msec",0.000000,0.000000,"0.1"
45,"Rs Atk Tm"," msec",0.031250,0.031250,"9.87"
45,"Rs Atk Tm"," msec",0.062500,0.062500,"39.16"
45,"Rs Atk Tm"," msec",0.093750,0.093750,"87.99"
45,"Rs Atk Tm"," msec",0.125000,0.125000,"156.35"
45,"Rs Atk Tm"," msec",0.156250,0.156250,"244.24"
45,"Rs Atk Tm"," msec",0.187500,0.187500,"351.66"
45,"Rs Atk Tm"," msec",0.218750,0.218750,"478.61"
45,"Rs Atk Tm"," msec",0.250000,0.250000,"625.09"
45,"Rs Atk Tm"," msec",0.281250,0.281250,"791.1"
45,"Rs Atk Tm"," msec",0.312500,0.312500,"976.64"
45,"Rs Atk Tm"," msec",0.343750,0.343750,"1181.72"
45,"Rs Atk Tm"," msec",0.375000,0.375000,"1406.32"
45,"Rs Atk Tm"," msec",0.406250,0.406250,"1650.46"
45,"Rs Atk Tm"," msec",0.437500,0.437500,"1914.12"
45,"Rs Atk Tm"," msec",0.468750,0.468750,"2197.32"
45,"Rs Atk Tm"," msec",0.500000,0.500000,"2500.05"
45,"Rs Atk Tm"," msec",0.531250,0.531250,"2822.31"
45,"Rs Atk Tm"," msec",0.562500,0.562500,"3164.1"
45,"Rs Atk Tm"," msec",0.593750,0.593750,"3525.42"
45,"Rs Atk Tm"," msec",0.625000,0.625000,"3906.27"
45,"Rs Atk Tm"," msec",0.656250,0.656250,"4306.65"
45,"Rs Atk Tm"," msec",0.687500,0.687500,"4726.57"
45,"Rs Atk Tm"," msec",0.718750,0.718750,"5166.01"
45,"Rs Atk Tm"," msec",0.750000,0.750000,"5624.99"
45,"Rs Atk Tm"," msec",0.781250,0.781250,"6103.49"
45,"Rs Atk Tm"," msec",0.812500,0.812500,"6601.53"
45,"Rs Atk Tm"," msec",0.843750,0.843750,"7119.1"
45,"Rs Atk Tm"," msec",0.875000,0.875000,"7656.2"
45,"Rs Atk Tm"," msec",0.906250,0.906250,"8212.83"
45,"Rs Atk Tm"," msec",0.937500,0.937500,"8788.99"
45,"Rs Atk Tm"," msec",0.968750,0.968750,"9384.68"
45,"Rs Atk Tm"," msec",1.000000,1.000000,"9999.9"
46,"Rs Atk Lv"," %",0.000000,0.000000,"0"
46,"Rs Atk Lv"," %",0.031250,0.031250,"3"
46,"Rs Atk Lv"," %",0.062500,0.062500,"6"
46,"Rs Atk Lv"," %",0.093750,0.093750,"9"
46,"Rs Atk Lv"," %",0.125000,0.125000,"12"
46,"Rs Atk Lv"," %",0.156250,0.156250,"15"
46,"Rs Atk Lv"," %",0.187500,0.187500,"18"
46,"Rs Atk Lv"," %",0.218750,0.218750,"21"
46,"Rs Atk Lv"," %",0.250000,0.250000,"25"
46,"Rs Atk Lv"," %",0.281250,0.281250,"28"
46,"Rs Atk Lv"," %",0.312500,0.312500,"31"
46,"Rs Atk Lv"," %",0.343750,0.343750,"34"
46,"Rs Atk Lv"," %",0.375000,0.375000,"37"
46,"Rs Atk Lv"," %",0.406250,0.406250,"40"
46,"Rs Atk Lv"," %",0.437500,0.437500,"43"
46,"Rs Atk Lv"," %",0.468750,0.468750,"46"
46,"Rs Atk Lv"," %",0.500000,0.500000,"50"
46,"Rs Atk Lv"," %",0.531250,0.531250,"53"
46,"Rs Atk Lv"," %",0.562500,0.562500,"56"
46,"Rs Atk Lv"," %",0.593750,0.593750,"59"
46,"Rs Atk Lv"," %",0.625000,0.625000,"62"
46,"Rs Atk Lv"," %",0.656250,0.656250,"65"
46,"Rs Atk Lv"," %",0.687500,0.687500,"68"
46,"Rs Atk Lv"," %",0.718750,0.718750,"71"
46,"Rs Atk Lv"," %",0.750000,0.750000,"75"
46,"Rs Atk Lv"," %",0.781250,0.781250,"78"
46,"Rs Atk Lv"," %",0.812500,0.812500,"81"
46,"Rs Atk Lv"," %",0.843750,0.843750,"84"
46,"Rs Atk Lv"," %",0.875000,0.875000,"87"
46,"Rs Atk Lv"," %",0.906250,0.906250,"90"
46,"Rs Atk Lv"," %",0.937500,0.937500,"93"
46,"Rs Atk Lv"," %",0.968750,0.968750,"96"
46,"Rs Atk Lv"," %",1.000000,1.000000,"100"
47,"Rs Dec Tm"," msec",0.000000,0.000000,"0.1"
47,"Rs Dec Tm"," msec",0.031250,0.031250,"9.87"
47,"Rs Dec Tm"," msec",0.062500,0.062500,"39.16"
47,"Rs Dec Tm"," msec",0.093750,0.093750,"87.99"
47,"Rs Dec Tm"," msec",0.125000,0.125000,"156.35"
47,"Rs Dec Tm"," msec",0.156250,0.156250,"244.24"
47,"Rs Dec Tm"," msec",0.187500,0.187500,"351.66"
47,"Rs Dec Tm"," msec",0.218750,0.218750,"478.61"
47,"Rs Dec Tm"," msec",0.250000,0.250000,"625.09"
47,"Rs Dec Tm"," msec",0.281250,0.281250,"791.1"
47,"Rs Dec Tm"," msec",0.312500,0.312500,"976.64"
47,"Rs Dec Tm"," msec",0.343750,0.343750,"1181.72"
47,"Rs Dec Tm"," msec",0.375000,0.375000,"1406.32"
47,"Rs Dec Tm"," msec",0.406250,0.406250,"1650.46"
47,"Rs Dec Tm"," msec",0.437500,0.437500,"1914.12"
47,"Rs Dec Tm"," msec",0.468750,0.468750,"2197.32"
47,"Rs Dec Tm"," msec",0.500000,0.500000,"2500.05"
47,"Rs Dec Tm"," msec",0.531250,0.531250,"2822.31"
47,"Rs Dec Tm"," msec",0.562500,0.562500,"3164.1"
47,"Rs Dec Tm"," msec",0.593750,0.593750,"3525.42"
47,"Rs Dec Tm"," msec",0.625000,0.625000,"3906.27"
47,"Rs Dec Tm"," msec",0.656250,0.656250,"4306.65"
47,"Rs Dec Tm"," msec",0.687500,0.687500,"4726.57"
47,"Rs Dec Tm"," msec",0.718750,0.718750,"5166.01"
47,"Rs Dec Tm"," msec",0.750000,0.750000,"5624.99"
47,"Rs Dec Tm"," msec",0.781250,0.781250,"6103.49"
47,"Rs Dec Tm"," msec",0.812500,0.812500,"6601.53"
47,"Rs Dec Tm"," msec",0.843750,0.843750,"7119.1"
47,"Rs Dec Tm"," msec",0.875000,0.875000,"7656.2"
47,"Rs Dec Tm"," msec",0.906250,0.906250,"8212.83"
47,"Rs Dec Tm"," msec",0.937500,0.937500,"8788.99"
47,"Rs Dec Tm"," msec",0.968750,0.968750,"9384.68"
47,"Rs Dec Tm"," msec",1.000000,1.000000,"9999.9"
48,"Rs Dec Lv"," %",0.000000,0.000000,"0"
48,"Rs Dec Lv"," %",0.031250,0.031250,"3"
48,"Rs Dec Lv"," %",0.062500,0.062500,"6"
48,"Rs Dec Lv"," %",0.093750,0.093750,"9"
48,"Rs Dec Lv"," %",0.125000,0.125000,"12"
48,"Rs Dec Lv"," %",0.156250,0.156250,"15"
48,"Rs Dec Lv"," %",0.187500,0.187500,"18"
48,"Rs Dec Lv"," %",0.218750,0.218750,"21"
48,"Rs Dec Lv"," %",0.250000,0.250000,"25"
48,"Rs Dec Lv"," %",0.281250,0.281250,"28"
48,"Rs Dec Lv"," %",0.312500,0.312500,"31"
48,"Rs Dec Lv"," %",0.343750,0.343750,"34"
48,"Rs Dec Lv"," %",0.375000,0.375000,"37"
48,"Rs Dec Lv"," %",0.406250,0.406250,"40"
48,"Rs Dec Lv"," %",0.437500,0.437500,"43"
48,"Rs Dec Lv"," %",0.468750,0.468750,"46"
48,"Rs Dec Lv"," %",0.500000,0.500000,"50"
48,"Rs Dec Lv"," %",0.531250,0.531250,"53"
48,"Rs Dec Lv"," %",0.562500,0.562500,"56"
48,"Rs Dec Lv"," %",0.593750,0.593750,"59"
48,"Rs Dec Lv"," %",0.625000,0.625000,"62"
48,"Rs Dec Lv"," %",0.656250,0.656250,"65"
48,"Rs Dec Lv"," %",0.687500,0.687500,"68"
48,"Rs Dec Lv"," %",0.718750,0.718750,"71"
48,"Rs Dec Lv"," %",0.750000,0.750000,"75"
48,"Rs Dec Lv"," %",0.781250,0.781250,"78"
48,"Rs Dec Lv"," %",0.812500,0.812500,"81"
48,"Rs Dec Lv"," %",0.843750,0.843750,"84"
48,"Rs Dec Lv"," %",0.875000,0.875000,"87"
48,"Rs Dec Lv"," %",0.906250,0.906250,"90"
48,"Rs Dec Lv"," %",0.937500,0.937500,"93"
48,"Rs Dec Lv"," %",0.968750,0.968750,"96"
48,"Rs Dec Lv"," %",1.000000,1.000000,"100"
49,"Rs Rel Tm"," msec",0.000000,0.000000,"0.1"
49,"Rs Rel Tm"," msec",0.031250,0.031250,"9.87"
49,"Rs Rel Tm"," msec",0.062500,0.062500,"39.16"
49,"Rs Rel Tm"," msec",0.093750,0.093750,"87.99"
49,"Rs Rel Tm"," msec",0.125000,0.125000,"156.35"
49,"Rs Rel Tm"," msec",0.156250,0.156250,"244.24"
49,"Rs Rel Tm"," msec",0.187500,0.187500,"351.66"
49,"Rs Rel Tm"," msec",0.218750,0.218750,"478.61"
49,"Rs Rel Tm"," msec",0.250000,0.250000,"625.09"
49,"Rs Rel Tm"," msec",0.281250,0.281250,"791.1"
49,"Rs Rel Tm"," msec",0.312500,0.312500,"976.64"
49,"Rs Rel Tm"," msec",0.343750,0.343750,"1181.72"
49,"Rs Rel Tm"," msec",0.375000,0.375000,"1406.32"
49,"Rs Rel Tm"," msec",0.406250,0.406250,"1650.46"
49,"Rs Rel Tm"," msec",0.437500,0.437500,"1914.12"
49,"Rs Rel Tm"," msec",0.468750,0.468750,"2197.32"
49,"Rs Rel Tm"," msec",0.500000,0.500000,"2500.05"
49,"Rs Rel Tm"," msec",0.531250,0.531250,"2822.31"
49,"Rs Rel Tm"," msec",0.562500,0.562500,"3164.1"
49,"Rs Rel Tm"," msec",0.593750,0.593750,"3525.42"
49,"Rs Rel Tm"," msec",0.625000,0.625000,"3906.27"
49,"Rs Rel Tm"," msec",0.656250,0.656250,"4306.65"
49,"Rs Rel Tm"," msec",0.687500,0.687500,"4726.57"
49,"Rs Rel Tm"," msec",0.718750,0.718750,"5166.01"
49,"Rs Rel Tm"," msec",0.750000,0.750000,"5624.99"
49,"Rs Rel Tm"," msec",0.781250,0.781250,"6103.49"
49,"Rs Rel Tm"," msec",0.812500,0.812500,"6601.53"
49,"Rs Rel Tm"," msec",0.843750,0.843750,"7119.1"
49,"Rs Rel Tm"," msec",0.875000,0.875000,"7656.2"
49,"Rs Rel Tm"," msec",0.906250,0.906250,"8212.83"
49,"Rs Rel Tm"," msec",0.937500,0.937500,"8788.99"
49,"Rs Rel Tm"," msec",0.968750,0.968750,"9384.68"
49,"Rs Rel Tm"," msec",1.000000,1.000000,"9999.9"
50,"Rs Rel Lv"," %",0.000000,0.000000,"0"
50,"Rs Rel Lv"," %",0.031250,0.031250,"3"
50,"Rs Rel Lv"," %",0.062500,0.062500,"6"
50,"Rs Rel Lv"," %",0.093750,0.093750,"9"
50,"Rs Rel Lv"," %",0.125000,0.125000,"12"
50,"Rs Rel Lv"," %",0.156250,0.156250,"15"
50,"Rs Rel Lv"," %",0.187500,0.187500,"18"
50,"Rs Rel Lv"," %",0.218750,0.218750,"21"
50,"Rs Rel Lv"," %",0.250000,0.250000,"25"
50,"Rs Rel Lv"," %",0.281250,0.281250,"28"
50,"Rs Rel Lv"," %",0.312500,0.312500,"31"
50,"Rs Rel Lv"," %",0.343750,0.343750,"34"
50,"Rs Rel Lv"," %",0.375000,0.375000,"37"
50,"Rs Rel Lv"," %",0.406250,0.406250,"40"
50,"Rs Rel Lv"," %",0.437500,0.437500,"43"
50,"Rs Rel Lv"," %",0.468750,0.468750,"46"
50,"Rs Rel Lv"," %",0.500000,0.500000,"50"
50,"Rs Rel Lv"," %",0.531250,0.531250,"53"
50,"Rs Rel Lv"," %",0.562500,0.562500,"56"
50,"Rs Rel Lv"," %",0.593750,0.593750,"59"
50,"Rs Rel Lv"," %",0.625000,0.625000,"62"
50,"Rs Rel Lv"," %",0.656250,0.656250,"65"
50,"Rs Rel Lv"," %",0.687500,0.687500,"68"
50,"Rs Rel Lv"," %",0.718750,0.718750,"71"
50,"Rs Rel Lv"," %",0.750000,0.750000,"75"
50,"Rs Rel Lv"," %",0.781250,0.781250,"78"
50,"Rs Rel Lv"," %",0.812500,0.812500,"81"
50,"Rs Rel Lv"," %",0.843750,0.843750,"84"
50,"Rs Rel Lv"," %",0.875000,0.875000,"87"
50,"Rs Rel Lv"," %",0.906250,0.906250,"90"
50,"Rs Rel Lv"," %",0.937500,0.937500,"93"
50,"Rs Rel Lv"," %",0.968750,0.968750,"96"
50,"Rs Rel Lv"," %",1.000000,1.000000,"100"
51,"Ns Env Rg"," %",0.000000,0.000000,"0"
51,"Ns Env Rg"," %",0.031250,0.020000,"1"
51,"Ns Env Rg"," %",0.062500,0.060000,"3"
51,"Ns Env Rg"," %",0.093750,0.080000,"4"
51,"Ns Env Rg"," %",0.125000,0.120000,"6"
51,"Ns Env Rg"," %",0.156250,0.140000,"7"
51,"Ns Env Rg"," %",0.187500,0.180000,"9"
51,"Ns Env Rg"," %",0.218750,0.200000,"10"
51,"Ns Env Rg"," %",0.250000,0.240000,"12"
51,"Ns Env Rg"," %",0.281250,0.280000,"14"
51,"Ns Env Rg"," %",0.312500,0.300000,"15"
51,"Ns Env Rg"," %",0.343750,0.340000,"17"
51,"Ns Env Rg"," %",0.375000,0.360000,"18"
51,"Ns Env Rg"," %",0.406250,0.400000,"20"
51,"Ns Env Rg"," %",0.437500,0.420000,"21"
51,"Ns Env Rg"," %",0.468750,0.460000,"23"
51,"Ns Env Rg"," %",0.500000,0.500000,"25"
51,"Ns Env Rg"," %",0.531250,0.520000,"26"
51,"Ns Env Rg"," %",0.562500,0.560000,"28"
51,"Ns Env Rg"," %",0.593750,0.580000,"29"
51,"Ns Env Rg"," %",0.625000,0.620000,"31"
51,"Ns Env Rg"," %",0.656250,0.640000,"32"
51,"Ns Env Rg"," %",0.687500,0.680000,"34"
51,"Ns Env Rg"," %",0.718750,0.700000,"35"
51,"Ns Env Rg"," %",0.750000,0.740000,"37"
51,"Ns Env Rg"," %",0.781250,0.780000,"39"
51,"Ns Env Rg"," %",0.812500,0.800000,"40"
51,"Ns Env Rg"," %",0.843750,0.840000,"42"
51,"Ns Env Rg"," %",0.875000,0.860000,"43"
51,"Ns Env Rg"," %",0.906250,0.900000,"45"
51,"Ns Env Rg"," %",0.937500,0.920000,"46"
51,"Ns Env Rg"," %",0.968750,0.960000,"48"
51,"Ns Env Rg"," %",1.000000,1.000000,"50"
52,"Ns Ini Lv"," %",0.000000,0.000000,"0"
52,"Ns Ini Lv"," %",0.031250,0.031250,"3"
52,"Ns Ini Lv"," %",0.062500,0.062500,"6"
52,"Ns Ini Lv"," %",0.093750,0.093750,"9"
52,"Ns Ini Lv"," %",0.125000,0.125000,"12"
52,"Ns Ini Lv"," %",0.156250,0.156250,"15"
52,"Ns Ini Lv"," %",0.187500,0.187500,"18"
52,"Ns Ini Lv"," %",0.218750,0.218750,"21"
52,"Ns Ini Lv"," %",0.250000,0.250000,"25"
52,"Ns Ini Lv"," %",0.281250,0.281250,"28"
52,"Ns Ini Lv"," %",0.312500,0.312500,"31"
52,"Ns Ini Lv"," %",0.343750,0.343750,"34"
52,"Ns Ini Lv"," %",0.375000,0.375000,"37"
52,"Ns Ini Lv"," %",0.406250,0.406250,"40"
52,"Ns Ini Lv"," %",0.437500,0.437500,"43"
52,"Ns Ini Lv"," %",0.468750,0.468750,"46"
52,"Ns Ini Lv"," %",0.500000,0.500000,"50"
52,"Ns Ini Lv"," %",0.531250,0.531250,"53"
52,"Ns Ini Lv"," %",0.562500,0.562500,"56"
52,"Ns Ini Lv"," %",0.593750,0.593750,"59"
52,"Ns Ini Lv"," %",0.625000,0.625000,"62"
52,"Ns Ini Lv"," %",0.656250,0.656250,"65"
52,"Ns Ini Lv"," %",0.687500,0.687500,"68"
52,"Ns Ini Lv"," %",0.718750,0.718750,"71"
52,"Ns Ini Lv"," %",0.750000,0.750000,"75"
52,"Ns Ini Lv"," %",0.781250,0.781250,"78"
52,"Ns Ini Lv"," %",0.812500,0.812500,"81"
52,"Ns Ini Lv"," %",0.843750,0.843750,"84"
52,"Ns Ini Lv"," %",0.875000,0.875000,"87"
52,"Ns Ini Lv"," %",0.906250,0.906250,"90"
52,"Ns Ini Lv"," %",0.937500,0.937500,"93"
52,"Ns Ini Lv"," %",0.968750,0.968750,"96"
52,"Ns Ini Lv"," %",1.000000,1.000000,"100"
53,"Ns Atk Tm"," msec",0.000000,0.000000,"0.1"
53,"Ns Atk Tm"," msec",0.031250,0.031250,"9.87"
53,"Ns Atk Tm"," msec",0.062500,0.062500,"39.16"
53,"Ns Atk Tm"," msec",0.093750,0.093750,"87.99"
53,"Ns Atk Tm"," msec",0.125000,0.125000,"156.35"
53,"Ns Atk Tm"," msec",0.156250,0.156250,"244.24"
53,"Ns Atk Tm"," msec",0.187500,0.187500,"351.66"
53,"Ns Atk Tm"," msec",0.218750,0.218750,"478.61"
53,"Ns Atk Tm"," msec",0.250000,0.250000,"625.09"
53,"Ns Atk Tm"," msec",0.281250,0.281250,"791.1"
53,"Ns Atk Tm"," msec",0.312500,0.312500,"976.64"
53,"Ns Atk Tm"," msec",0.343750,0.343750,"1181.72"
53,"Ns Atk Tm"," msec",0.375000,0.375000,"1406.32"
53,"Ns Atk Tm"," msec",0.406250,0.406250,"1650.46"
53,"Ns Atk Tm"," msec",0.437500,0.437500,"1914.12"
53,"Ns Atk Tm"," msec",0.468750,0.468750,"2197.32"
53,"Ns Atk Tm"," msec",0.500000,0.500000,"2500.05"
53,"Ns Atk Tm"," msec",0.531250,0.531250,"2822.31"
53,"Ns Atk Tm"," msec",0.562500,0.562500,"3164.1"
53,"Ns Atk Tm"," msec",0.593750,0.593750,"3525.42"
53,"Ns Atk Tm"," msec",0.625000,0.625000,"3906.27"
53,"Ns Atk Tm"," msec",0.656250,0.656250,"4306.65"
53,"Ns Atk Tm"," msec",0.687500,0.687500,"4726.57"
53,"Ns Atk Tm"," msec",0.718750,0.718750,"5166.01"
53,"Ns Atk Tm"," msec",0.750000,0.750000,"5624.99"
53,"Ns Atk Tm"," msec",0.781250,0.781250,"6103.49"
53,"Ns Atk Tm"," msec",0.812500,0.812500,"6601.53"
53,"Ns Atk Tm"," msec",0.843750,0.843750,"7119.1"
53,"Ns Atk Tm"," msec",0.875000,0.875000,"7656.2"
53,"Ns Atk Tm"," msec",0.906250,0.906250,"8212.83"
53,"Ns Atk Tm"," msec",0.937500,0.937500,"8788.99"
53,"Ns Atk Tm"," msec",0.968750,0.968750,"9384.68"
53,"Ns Atk Tm"," msec",1.000000,1.000000,"9999.9"
54,"Ns Atk Lv"," %",0.000000,0.000000,"0"
54,"Ns Atk Lv"," %",0.031250,0.031250,"3"
54,"Ns Atk Lv"," %",0.062500,0.062500,"6"
54,"Ns Atk Lv"," %",0.093750,0.093750,"9"
54,"Ns Atk Lv"," %",0.125000,0.125000,"12"
54,"Ns Atk Lv"," %",0.156250,0.156250,"15"
54,"Ns Atk Lv"," %",0.187500,0.187500,"18"
54,"Ns Atk Lv"," %",0.218750,0.218750,"21"
54,"Ns Atk Lv"," %",0.250000,0.250000,"25"
54,"Ns Atk Lv"," %",0.281250,0.281250,"28"
54,"Ns Atk Lv"," %",0.312500,0.312500,"31"
54,"Ns Atk Lv"," %",0.343750,0.343750,"34"
54,"Ns Atk Lv"," %",0.375000,0.375000,"37"
54,"Ns Atk Lv"," %",0.406250,0.406250,"40"
54,"Ns Atk Lv"," %",0.437500,0.437500,"43"
54,"Ns Atk Lv"," %",0.468750,0.468750,"46"
54,"Ns Atk Lv"," %",0.500000,0.500000,"50"
54,"Ns Atk Lv"," %",0.531250,0.531250,"53"
54,"Ns Atk Lv"," %",0.562500,0.562500,"56"
54,"Ns Atk Lv"," %",0.593750,0.593750,"59"
54,"Ns Atk Lv"," %",0.625000,0.625000,"62"
54,"Ns Atk Lv"," %",0.656250,0.656250,"65"
54,"Ns Atk Lv"," %",0.687500,0.687500,"68"
54,"Ns Atk Lv"," %",0.718750,0.718750,"71"
54,"Ns Atk Lv"," %",0.750000,0.750000,"75"
54,"Ns Atk Lv"," %",0.781250,0.781250,"78"
54,"Ns Atk Lv"," %",0.812500,0.812500,"81"
54,"Ns Atk Lv"," %",0.843750,0.843750,"84"
54,"Ns Atk Lv"," %",0.875000,0.875000,"87"
54,"Ns Atk Lv"," %",0.906250,0.906250,"90"
54,"Ns Atk Lv"," %",0.937500,0.937500,"93"
54,"Ns Atk Lv"," %",0.968750,0.968750,"96"
54,"Ns Atk Lv"," %",1.000000,1.000000,"100"
55,"Ns Dec Tm"," msec",0.000000,0.000000,"0.1"
55,"Ns Dec Tm"," msec",0.031250,0.031250,"9.87"
55,"Ns Dec Tm"," msec",0.062500,0.062500,"39.16"
55,"Ns Dec Tm"," msec",0.093750,0.093750,"87.99"
55,"Ns Dec Tm"," msec",0.125000,0.125000,"156.35"
55,"Ns Dec Tm"," msec",0.156250,0.156250,"244.24"
55,"Ns Dec Tm"," msec",0.187500,0.187500,"351.66"
55,"Ns Dec Tm"," msec",0.218750,0.218750,"478.61"
55,"Ns Dec Tm"," msec",0.250000,0.250000,"625.09"
55,"Ns Dec Tm"," msec",0.281250,0.281250,"791.1"
55,"Ns Dec Tm"," msec",0.312500,0.312500,"976.64"
55,"Ns Dec Tm"," msec",0.343750,0.343750,"1181.72"
55,"Ns Dec Tm"," msec",0.375000,0.375000,"1406.32"
55,"Ns Dec Tm"," msec",0.406250,0.406250,"1650.46"
55,"Ns Dec Tm"," msec",0.437500,0.437500,"1914.12"
55,"Ns Dec Tm"," msec",0.468750,0.468750,"2197.32"
55,"Ns Dec Tm"," msec",0.500000,0.500000,"2500.05"
55,"Ns Dec Tm"," msec",0.531250,0.531250,"2822.31"
55,"Ns Dec Tm"," msec",0.562500,0.562500,"3164.1"
55,"Ns Dec Tm"," msec",0.593750,0.593750,"3525.42"
55,"Ns Dec Tm"," msec",0.625000,0.625000,"3906.27"
55,"Ns Dec Tm"," msec",0.656250,0.656250,"4306.65"
55,"Ns Dec Tm"," msec",0.687500,0.687500,"4726.57"
55,"Ns Dec Tm"," msec",0.718750,0.718750,"5166.01"
55,"Ns Dec Tm"," msec",0.750000,0.750000,"5624.99"
55,"Ns Dec Tm"," msec",0.781250,0.781250,"6103.49"
55,"Ns Dec Tm"," msec",0.812500,0.812500,"6601.53"
55,"Ns Dec Tm"," msec",0.843750,0.843750,"7119.1"
55,"Ns Dec Tm"," msec",0.875000,0.875000,"7656.2"
55,"Ns Dec Tm"," msec",0.906250,0.906250,"8212.83"
55,"Ns Dec Tm"," msec",0.937500,0.937500,"8788.99"
55,"Ns Dec Tm"," msec",0.968750,0.968750,"9384.68"
55,"Ns Dec Tm"," msec",1.000000,1.000000,"9999.9"
56,"Ns Dec Lv"," %",0.000000,0.000000,"0"
56,"Ns Dec Lv"," %",0.031250,0.031250,"3"
56,"Ns Dec Lv"," %",0.062500,0.062500,"6"
56,"Ns Dec Lv"," %",0.093750,0.093750,"9"
56,"Ns Dec Lv"," %",0.125000,0.125000,"12"
56,"Ns Dec Lv"," %",0.156250,0.156250,"15"
56,"Ns Dec Lv"," %",0.187500,0.187500,"18"
56,"Ns Dec Lv"," %",0.218750,0.218750,"21"
56,"Ns Dec Lv"," %",0.250000,0.250000,"25"
56,"Ns Dec Lv"," %",0.281250,0.281250,"28"
56,"Ns Dec Lv"," %",0.312500,0.312500,"31"
56,"Ns Dec Lv"," %",0.343750,0.343750,"34"
56,"Ns Dec Lv"," %",0.375000,0.375000,"37"
56,"Ns Dec Lv"," %",0.406250,0.406250,"40"
56,"Ns Dec Lv"," %",0.437500,0.437500,"43"
56,"Ns Dec Lv"," %",0.468750,0.468750,"46"
56,"Ns Dec Lv"," %",0.500000,0.500000,"50"
56,"Ns Dec Lv"," %",0.531250,0.531250,"53"
56,"Ns Dec Lv"," %",0.562500,0.562500,"56"
56,"Ns Dec Lv"," %",0.593750,0.593750,"59"
56,"Ns Dec Lv"," %",0.625000,0.625000,"62"
56,"Ns Dec Lv"," %",0.656250,0.656250,"65"
56,"Ns Dec Lv"," %",0.687500,0.687500,"68"
56,"Ns Dec Lv"," %",0.718750,0.718750,"71"
56,"Ns Dec Lv"," %",0.750000,0.750000,"75"
56,"Ns Dec Lv"," %",0.781250,0.781250,"78"
56,"Ns Dec Lv"," %",0.812500,0.812500,"81"
56,"Ns Dec Lv"," %",0.843750,0.843750,"84"
56,"Ns Dec Lv"," %",0.875000,0.875000,"87"
56,"Ns Dec Lv"," %",0.906250,0.906250,"90"
56,"Ns Dec Lv"," %",0.937500,0.937500,"93"
56,"Ns Dec Lv"," %",0.968750,0.968750,"96"
56,"Ns Dec Lv"," %",1.000000,1.000000,"100"
57,"Ns Rel Tm"," msec",0.000000,0.000000,"0.1"
57,"Ns Rel Tm"," msec",0.031250,0.031250,"9.87"
57,"Ns Rel Tm"," msec",0.062500,0.062500,"39.16"
57,"Ns Rel Tm"," msec",0.093750,0.093750,"87.99"
57,"Ns Rel Tm"," msec",0.125000,0.125000,"156.35"
57,"Ns Rel Tm"," msec",0.156250,0.156250,"244.24"
57,"Ns Rel Tm"," msec",0.187500,0.187500,"351.66"
57,"Ns Rel Tm"," msec",0.218750,0.218750,"478.61"
57,"Ns Rel Tm"," msec",0.250000,0.250000,"625.09"
57,"Ns Rel Tm"," msec",0.281250,0.281250,"791.1"
57,"Ns Rel Tm"," msec",0.312500,0.312500,"976.64"
57,"Ns Rel Tm"," msec",0.343750,0.343750,"1181.72"
57,"Ns Rel Tm"," msec",0.375000,0.375000,"1406.32"
57,"Ns Rel Tm"," msec",0.406250,0.406250,"1650.46"
57,"Ns Rel Tm"," msec",0.437500,0.437500,"1914.12"
57,"Ns Rel Tm"," msec",0.468750,0.468750,"2197.32"
57,"Ns Rel Tm"," msec",0.500000,0.500000,"2500.05"
57,"Ns Rel Tm"," msec",0.531250,0.531250,"2822.31"
57,"Ns Rel Tm"," msec",0.562500,0.562500,"3164.1"
57,"Ns Rel Tm"," msec",0.593750,0.593750,"3525.42"
57,"Ns Rel Tm"," msec",0.625000,0.625000,"3906.27"
57,"Ns Rel Tm"," msec",0.656250,0.656250,"4306.65"
57,"Ns Rel Tm"," msec",0.687500,0.687500,"4726.57"
57,"Ns Rel Tm"," msec",0.718750,0.718750,"5166.01"
57,"Ns Rel Tm"," msec",0.750000,0.750000,"5624.99"
57,"Ns Rel Tm"," msec",0.781250,0.781250,"6103.49"
57,"Ns Rel Tm"," msec",0.812500,0.812500,"6601.53"
57,"Ns Rel Tm"," msec",0.843750,0.843750,"7119.1"
57,"Ns Rel Tm"," msec",0.875000,0.875000,"7656.2"
57,"Ns Rel Tm"," msec",0.906250,0.906250,"8212.83"
57,"Ns Rel Tm"," msec",0.937500,0.937500,"8788.99"
57,"Ns Rel Tm"," msec",0.968750,0.968750,"9384.68"
57,"Ns Rel Tm"," msec",1.000000,1.000000,"9999.9"
58,"Ns Rel Lv"," %",0.000000,0.000000,"0"
58,"Ns Rel Lv"," %",0.031250,0.031250,"3"
58,"Ns Rel Lv"," %",0.062500,0.062500,"6"
58,"Ns Rel Lv"," %",0.093750,0.093750,"9"
58,"Ns Rel Lv"," %",0.125000,0.125000,"12"
58,"Ns Rel Lv"," %",0.156250,0.156250,"15"
58,"Ns Rel Lv"," %",0.187500,0.187500,"18"
58,"Ns Rel Lv"," %",0.218750,0.218750,"21"
58,"Ns Rel Lv"," %",0.250000,0.250000,"25"
58,"Ns Rel Lv"," %",0.281250,0.281250,"28"
58,"Ns Rel Lv"," %",0.312500,0.312500,"31"
58,"Ns Rel Lv"," %",0.343750,0.343750,"34"
58,"Ns Rel Lv"," %",0.375000,0.375000,"37"
58,"Ns Rel Lv"," %",0.406250,0.406250,"40"
58,"Ns Rel Lv"," %",0.437500,0.437500,"43"
58,"Ns Rel Lv"," %",0.468750,0.468750,"46"
58,"Ns Rel Lv"," %",0.500000,0.500000,"50"
58,"Ns Rel Lv"," %",0.531250,0.531250,"53"
58,"Ns Rel Lv"," %",0.562500,0.562500,"56"
58,"Ns Rel Lv"," %",0.593750,0.593750,"59"
58,"Ns Rel Lv"," %",0.625000,0.625000,"62"
58,"Ns Rel Lv"," %",0.656250,0.656250,"65"
58,"Ns Rel Lv"," %",0.687500,0.687500,"68"
58,"Ns Rel Lv"," %",0.718750,0.718750,"71"
58,"Ns Rel Lv"," %",0.750000,0.750000,"75"
58,"Ns Rel Lv"," %",0.781250,0.781250,"78"
58,"Ns Rel Lv"," %",0.812500,0.812500,"81"
58,"Ns Rel Lv"," %",0.843750,0.843750,"84"
58,"Ns Rel Lv"," %",0.875000,0.875000,"87"
58,"Ns Rel Lv"," %",0.906250,0.906250,"90"
58,"Ns Rel Lv"," %",0.937500,0.937500,"93"
58,"Ns Rel Lv"," %",0.968750,0.968750,"96"
58,"Ns Rel Lv"," %",1.000000,1.000000,"100"
59,"VlVr Ini Lv"," %",0.000000,0.000000,"0"
59,"VlVr Ini Lv"," %",0.031250,0.031250,"3"
59,"VlVr Ini Lv"," %",0.062500,0.062500,"6"
59,"VlVr Ini Lv"," %",0.093750,0.093750,"9"
59,"VlVr Ini Lv"," %",0.125000,0.125000,"12"
59,"VlVr Ini Lv"," %",0.156250,0.156250,"15"
59,"VlVr Ini Lv"," %",0.187500,0.187500,"18"
59,"VlVr Ini Lv"," %",0.218750,0.218750,"21"
59,"VlVr Ini Lv"," %",0.250000,0.250000,"25"
59,"VlVr Ini Lv"," %",0.281250,0.281250,"28"
59,"VlVr Ini Lv"," %",0.312500,0.312500,"31"
59,"VlVr Ini Lv"," %",0.343750,0.343750,"34"
59,"VlVr Ini Lv"," %",0.375000,0.375000,"37"
59,"VlVr Ini Lv"," %",0.406250,0.406250,"40"
59,"VlVr Ini Lv"," %",0.437500,0.437500,"43"
59,"VlVr Ini Lv"," %",0.468750,0.468750,"46"
59,"VlVr Ini Lv"," %",0.500000,0.500000,"50"
59,"VlVr Ini Lv"," %",0.531250,0.531250,"53"
59,"VlVr Ini Lv"," %",0.562500,0.562500,"56"
59,"VlVr Ini Lv"," %",0.593750,0.593750,"59"
59,"VlVr Ini Lv"," %",0.625000,0.625000,"62"
59,"VlVr Ini Lv"," %",0.656250,0.656250,"65"
59,"VlVr Ini Lv"," %",0.687500,0.687500,"68"
59,"VlVr Ini Lv"," %",0.718750,0.718750,"71"
59,"VlVr Ini Lv"," %",0.750000,0.750000,"75"
59,"VlVr Ini Lv"," %",0.781250,0.781250,"78"
59,"VlVr Ini Lv"," %",0.812500,0.812500,"81"
59,"VlVr Ini Lv"," %",0.843750,0.843750,"84"
59,"VlVr Ini Lv"," %",0.875000,0.875000,"87"
59,"VlVr Ini Lv"," %",0.906250,0.906250,"90"
59,"VlVr Ini Lv"," %",0.937500,0.937500,"93"
59,"VlVr Ini Lv"," %",0.968750,0.968750,"96"
59,"VlVr Ini Lv"," %",1.000000,1.000000,"100"
60,"VlVr Atk Tm"," msec",0.000000,0.000000,"0.1"
60,"VlVr Atk Tm"," msec",0.031250,0.031250,"9.87"
60,"VlVr Atk Tm"," msec",0.062500,0.062500,"39.16"
60,"VlVr Atk Tm"," msec",0.093750,0.093750,"87.99"
60,"VlVr Atk Tm"," msec",0.125000,0.125000,"156.35"
60,"VlVr Atk Tm"," msec",0.156250,0.156250,"244.24"
60,"VlVr Atk Tm"," msec",0.187500,0.187500,"351.66"
60,"VlVr Atk Tm"," msec",0.218750,0.218750,"478.61"
60,"VlVr Atk Tm"," msec",0.250000,0.250000,"625.09"
60,"VlVr Atk Tm"," msec",0.281250,0.281250,"791.1"
60,"VlVr Atk Tm"," msec",0.312500,0.312500,"976.64"
60,"VlVr Atk Tm"," msec",0.343750,0.343750,"1181.72"
60,"VlVr Atk Tm"," msec",0.375000,0.375000,"1406.32"
60,"VlVr Atk Tm"," msec",0.406250,0.406250,"1650.46"
60,"VlVr Atk Tm"," msec",0.437500,0.437500,"1914.12"
60,"VlVr Atk Tm"," msec",0.468750,0.468750,"2197.32"
60,"VlVr Atk Tm"," msec",0.500000,0.500000,"2500.05"
60,"VlVr Atk Tm"," msec",0.531250,0.531250,"2822.31"
60,"VlVr Atk Tm"," msec",0.562500,0.562500,"3164.1"
60,"VlVr Atk Tm"," msec",0.593750,0.593750,"3525.42"
60,"VlVr Atk Tm"," msec",0.625000,0.625000,"3906.27"
60,"VlVr Atk Tm"," msec",0.656250,0.656250,"4306.65"
60,"VlVr Atk Tm"," msec",0.687500,0.687500,"4726.57"
60,"VlVr Atk Tm"," msec",0.718750,0.718750,"5166.01"
60,"VlVr Atk Tm"," msec",0.750000,0.750000,"5624.99"
60,"VlVr Atk Tm"," msec",0.781250,0.781250,"6103.49"
60,"VlVr Atk Tm"," msec",0.812500,0.812500,"6601.53"
60,"VlVr Atk Tm"," msec",0.843750,0.843750,"7119.1"
60,"VlVr Atk Tm"," msec",0.875000,0.875000,"7656.2"
60,"VlVr Atk Tm"," msec",0.906250,0.906250,"8212.83"
60,"VlVr Atk Tm"," msec",0.937500,0.937500,"8788.99"
60,"VlVr Atk Tm"," msec",0.968750,0.968750,"9384.68"
60,"VlVr Atk Tm"," msec",1.000000,1.000000,"9999.9"
61,"VlVr Atk Lv"," %",0.000000,0.000000,"0"
61,"VlVr Atk Lv"," %",0.031250,0.031250,"3"
61,"VlVr Atk Lv"," %",0.062500,0.062500,"6"
61,"VlVr Atk Lv"," %",0.093750,0.093750,"9"
61,"VlVr Atk Lv"," %",0.125000,0.125000,"12"
61,"VlVr Atk Lv"," %",0.156250,0.156250,"15"
61,"VlVr Atk Lv"," %",0.187500,0.187500,"18"
61,"VlVr Atk Lv"," %",0.218750,0.218750,"21"
61,"VlVr Atk Lv"," %",0.250000,0.250000,"25"
61,"VlVr Atk Lv"," %",0.281250,0.281250,"28"
61,"VlVr Atk Lv"," %",0.312500,0.312500,"31"
61,"VlVr Atk Lv"," %",0.343750,0.343750,"34"
61,"VlVr Atk Lv"," %",0.375000,0.375000,"37"
61,"VlVr Atk Lv"," %",0.406250,0.406250,"40"
61,"VlVr Atk Lv"," %",0.437500,0.437500,"43"
61,"VlVr Atk Lv"," %",0.468750,0.468750,"46"
61,"VlVr Atk Lv"," %",0.500000,0.500000,"50"
61,"VlVr Atk Lv"," %",0.531250,0.531250,"53"
61,"VlVr Atk Lv"," %",0.562500,0.562500,"56"
61,"VlVr Atk Lv"," %",0.593750,0.593750,"59"
61,"VlVr Atk Lv"," %",0.625000,0.625000,"62"
61,"VlVr Atk Lv"," %",0.656250,0.656250,"65"
61,"VlVr Atk Lv"," %",0.687500,0.687500,"68"
61,"VlVr Atk Lv"," %",0.718750,0.718750,"71"
61,"VlVr Atk Lv"," %",0.750000,0.750000,"75"
61,"VlVr Atk Lv"," %",0.781250,0.781250,"78"
61,"VlVr Atk Lv"," %",0.812500,0.812500,"81"
61,"VlVr Atk Lv"," %",0.843750,0.843750,"84"
61,"VlVr Atk Lv"," %",0.875000,0.875000,"87"
61,"VlVr Atk Lv"," %",0.906250,0.906250,"90"
61,"VlVr Atk Lv"," %",0.937500,0.937500,"93"
61,"VlVr Atk Lv"," %",0.968750,0.968750,"96"
61,"VlVr Atk Lv"," %",1.000000,1.000000,"100"
62,"VlVr Dec Tm"," msec",0.000000,0.000000,"0.1"
62,"VlVr Dec Tm"," msec",0.031250,0.031250,"9.87"
62,"VlVr Dec Tm"," msec",0.062500,0.062500,"39.16"
62,"VlVr Dec Tm"," msec",0.093750,0.093750,"87.99"
62,"VlVr Dec Tm"," msec",0.125000,0.125000,"156.35"
62,"VlVr Dec Tm"," msec",0.156250,0.156250,"244.24"
62,"VlVr Dec Tm"," msec",0.187500,0.187500,"351.66"
62,"VlVr Dec Tm"," msec",0.218750,0.218750,"478.61"
62,"VlVr Dec Tm"," msec",0.250000,0.250000,"625.09"
62,"VlVr Dec Tm"," msec",0.281250,0.281250,"791.1"
62,"VlVr Dec Tm"," msec",0.312500,0.312500,"976.64"
62,"VlVr Dec Tm"," msec",0.343750,0.343750,"1181.72"
62,"VlVr Dec Tm"," msec",0.375000,0.375000,"1406.32"
62,"VlVr Dec Tm"," msec",0.406250,0.406250,"1650.46"
62,"VlVr Dec Tm"," msec",0.437500,0.437500,"1914.12"
62,"VlVr Dec Tm"," msec",0.468750,0.468750,"2197.32"
62,"VlVr Dec Tm"," msec",0.500000,0.500000,"2500.05"
62,"VlVr Dec Tm"," msec",0.531250,0.531250,"2822.31"
62,"VlVr Dec Tm"," msec",0.562500,0.562500,"3164.1"
62,"VlVr Dec Tm"," msec",0.593750,0.593750,"3525.42"
62,"VlVr Dec Tm"," msec",0.625000,0.625000,"3906.27"
62,"VlVr Dec Tm"," msec",0.656250,0.656250,"4306.65"
62,"VlVr Dec Tm"," msec",0.687500,0.687500,"4726.57"
62,"VlVr Dec Tm"," msec",0.718750,0.718750,"5166.01"
62,"VlVr Dec Tm"," msec",0.750000,0.750000,"5624.99"
62,"VlVr Dec Tm"," msec",0.781250,0.781250,"6103.49"
62,"VlVr Dec Tm"," msec",0.812500,0.812500,"6601.53"
62,"VlVr Dec Tm"," msec",0.843750,0.843750,"7119.1"
62,"VlVr Dec Tm"," msec",0.875000,0.875000,"7656.2"
62,"VlVr Dec Tm"," msec",0.906250,0.906250,"8212.83"
62,"VlVr Dec Tm"," msec",0.937500,0.937500,"8788.99"
62,"VlVr Dec Tm"," msec",0.968750,0.968750,"9384.68"
62,"VlVr Dec Tm"," msec",1.000000,1.000000,"9999.9"
63,"VlVr Dec Lv"," %",0.000000,0.000000,"0"
63,"VlVr Dec Lv"," %",0.031250,0.031250,"3"
63,"VlVr Dec Lv"," %",0.062500,0.062500,"6"
63,"VlVr Dec Lv"," %",0.093750,0.093750,"9"
63,"VlVr Dec Lv"," %",0.125000,0.125000,"12"
63,"VlVr Dec Lv"," %",0.156250,0.156250,"15"
63,"VlVr Dec Lv"," %",0.187500,0.187500,"18"
63,"VlVr Dec Lv"," %",0.218750,0.218750,"21"
63,"VlVr Dec Lv"," %",0.250000,0.250000,"25"
63,"VlVr Dec Lv"," %",0.281250,0.281250,"28"
63,"VlVr Dec Lv"," %",0.312500,0.312500,"31"
63,"VlVr Dec Lv"," %",0.343750,0.343750,"34"
63,"VlVr Dec Lv"," %",0.375000,0.375000,"37"
63,"VlVr Dec Lv"," %",0.406250,0.406250,"40"
63,"VlVr Dec Lv"," %",0.437500,0.437500,"43"
63,"VlVr Dec Lv"," %",0.468750,0.468750,"46"
63,"VlVr Dec Lv"," %",0.500000,0.500000,"50"
63,"VlVr Dec Lv"," %",0.531250,0.531250,"53"
63,"VlVr Dec Lv"," %",0.562500,0.562500,"56"
63,"VlVr Dec Lv"," %",0.593750,0.593750,"59"
63,"VlVr Dec Lv"," %",0.625000,0.625000,"62"
63,"VlVr Dec Lv"," %",0.656250,0.656250,"65"
63,"VlVr Dec Lv"," %",0.687500,0.687500,"68"
63,"VlVr Dec Lv"," %",0.718750,0.718750,"71"
63,"VlVr Dec Lv"," %",0.750000,0.750000,"75"
63,"VlVr Dec Lv"," %",0.781250,0.781250,"78"
63,"VlVr Dec Lv"," %",0.812500,0.812500,"81"
63,"VlVr Dec Lv"," %",0.843750,0.843750,"84"
63,"VlVr Dec Lv"," %",0.875000,0.875000,"87"
63,"VlVr Dec Lv"," %",0.906250,0.906250,"90"
63,"VlVr Dec Lv"," %",0.937500,0.937500,"93"
63,"VlVr Dec Lv"," %",0.968750,0.968750,"96"
63,"VlVr Dec Lv"," %",1.000000,1.000000,"100"
64,"VlVr Rel Tm"," msec",0.000000,0.000000,"0.1"
64,"VlVr Rel Tm"," msec",0.031250,0.031250,"9.87"
64,"VlVr Rel Tm"," msec",0.062500,0.062500,"39.16"
64,"VlVr Rel Tm"," msec",0.093750,0.093750,"87.99"
64,"VlVr Rel Tm"," msec",0.125000,0.125000,"156.35"
64,"VlVr Rel Tm"," msec",0.156250,0.156250,"244.24"
64,"VlVr Rel Tm"," msec",0.187500,0.187500,"351.66"
64,"VlVr Rel Tm"," msec",0.218750,0.218750,"478.61"
64,"VlVr Rel Tm"," msec",0.250000,0.250000,"625.09"
64,"VlVr Rel Tm"," msec",0.281250,0.281250,"791.1"
64,"VlVr Rel Tm"," msec",0.312500,0.312500,"976.64"
64,"VlVr Rel Tm"," msec",0.343750,0.343750,"1181.72"
64,"VlVr Rel Tm"," msec",0.375000,0.375000,"1406.32"
64,"VlVr Rel Tm"," msec",0.406250,0.406250,"1650.46"
64,"VlVr Rel Tm"," msec",0.437500,0.437500,"1914.12"
64,"VlVr Rel Tm"," msec",0.468750,0.468750,"2197.32"
64,"VlVr Rel Tm"," msec",0.500000,0.500000,"2500.05"
64,"VlVr Rel Tm"," msec",0.531250,0.531250,"2822.31"
64,"VlVr Rel Tm"," msec",0.562500,0.562500,"3164.1"
64,"VlVr Rel Tm"," msec",0.593750,0.593750,"3525.42"
64,"VlVr Rel Tm"," msec",0.625000,0.625000,"3906.27"
64,"VlVr Rel Tm"," msec",0.656250,0.656250,"4306.65"
64,"VlVr Rel Tm"," msec",0.687500,0.687500,"4726.57"
64,"VlVr Rel Tm"," msec",0.718750,0.718750,"5166.01"
64,"VlVr Rel Tm"," msec",0.750000,0.750000,"5624.99"
64,"VlVr Rel Tm"," msec",0.781250,0.781250,"6103.49"
64,"VlVr Rel Tm"," msec",0.812500,0.812500,"6601.53"
64,"VlVr Rel Tm"," msec",0.843750,0.843750,"7119.1"
64,"VlVr Rel Tm"," msec",0.875000,0.875000,"7656.2"
64,"VlVr Rel Tm"," msec",0.906250,0.906250,"8212.83"
64,"VlVr Rel Tm"," msec",0.937500,0.937500,"8788.99"
64,"VlVr Rel Tm"," msec",0.968750,0.968750,"9384.68"
64,"VlVr Rel Tm"," msec",1.000000,1.000000,"9999.9"
65,"VlVr Rel Lv"," %",0.000000,0.000000,"0"
65,"VlVr Rel Lv"," %",0.031250,0.031250,"3"
65,"VlVr Rel Lv"," %",0.062500,0.062500,"6"
65,"VlVr Rel Lv"," %",0.093750,0.093750,"9"
65,"VlVr Rel Lv"," %",0.125000,0.125000,"12"
65,"VlVr Rel Lv"," %",0.156250,0.156250,"15"
65,"VlVr Rel Lv"," %",0.187500,0.187500,"18"
65,"VlVr Rel Lv"," %",0.218750,0.218750,"21"
65,"VlVr Rel Lv"," %",0.250000,0.250000,"25"
65,"VlVr Rel Lv"," %",0.281250,0.281250,"28"
65,"VlVr Rel Lv"," %",0.312500,0.312500,"31"
65,"VlVr Rel Lv"," %",0.343750,0.343750,"34"
65,"VlVr Rel Lv"," %",0.375000,0.375000,"37"
65,"VlVr Rel Lv"," %",0.406250,0.406250,"40"
65,"VlVr Rel Lv"," %",0.437500,0.437500,"43"
65,"VlVr Rel Lv"," %",0.468750,0.468750,"46"
65,"VlVr Rel Lv"," %",0.500000,0.500000,"50"
65,"VlVr Rel Lv"," %",0.531250,0.531250,"53"
65,"VlVr Rel Lv"," %",0.562500,0.562500,"56"
65,"VlVr Rel Lv"," %",0.593750,0.593750,"59"
65,"VlVr Rel Lv"," %",0.625000,0.625000,"62"
65,"VlVr Rel Lv"," %",0.656250,0.656250,"65"
65,"VlVr Rel Lv"," %",0.687500,0.687500,"68"
65,"VlVr Rel Lv"," %",0.718750,0.718750,"71"
65,"VlVr Rel Lv"," %",0.750000,0.750000,"75"
65,"VlVr Rel Lv"," %",0.781250,0.781250,"78"
65,"VlVr Rel Lv"," %",0.812500,0.812500,"81"
65,"VlVr Rel Lv"," %",0.843750,0.843750,"84"
65,"VlVr Rel Lv"," %",0.875000,0.875000,"87"
65,"VlVr Rel Lv"," %",0.906250,0.906250,"90"
65,"VlVr Rel Lv"," %",0.937500,0.937500,"93"
65,"VlVr Rel Lv"," %",0.968750,0.968750,"96"
65,"VlVr Rel Lv"," %",1.000000,1.000000,"100"
66,"PtVr Ini Lv"," %",0.000000,0.000000,"0"
66,"PtVr Ini Lv"," %",0.031250,0.031250,"3"
66,"PtVr Ini Lv"," %",0.062500,0.062500,"6"
66,"PtVr Ini Lv"," %",0.093750,0.093750,"9"
66,"PtVr Ini Lv"," %",0.125000,0.125000,"12"
66,"PtVr Ini Lv"," %",0.156250,0.156250,"15"
66,"PtVr Ini Lv"," %",0.187500,0.187500,"18"
66,"PtVr Ini Lv"," %",0.218750,0.218750,"21"
66,"PtVr Ini Lv"," %",0.250000,0.250000,"25"
66,"PtVr Ini Lv"," %",0.281250,0.281250,"28"
66,"PtVr Ini Lv"," %",0.312500,0.312500,"31"
66,"PtVr Ini Lv"," %",0.343750,0.343750,"34"
66,"PtVr Ini Lv"," %",0.375000,0.375000,"37"
66,"PtVr Ini Lv"," %",0.406250,0.406250,"40"
66,"PtVr Ini Lv"," %",0.437500,0.437500,"43"
66,"PtVr Ini Lv"," %",0.468750,0.468750,"46"
66,"PtVr Ini Lv"," %",0.500000,0.500000,"50"
66,"PtVr Ini Lv"," %",0.531250,0.531250,"53"
66,"PtVr Ini Lv"," %",0.562500,0.562500,"56"
66,"PtVr Ini Lv"," %",0.593750,0.593750,"59"
66,"PtVr Ini Lv"," %",0.625000,0.625000,"62"
66,"PtVr Ini Lv"," %",0.656250,0.656250,"65"
66,"PtVr Ini Lv"," %",0.687500,0.687500,"68"
66,"PtVr Ini Lv"," %",0.718750,0.718750,"71"
66,"PtVr Ini Lv"," %",0.750000,0.750000,"75"
66,"PtVr Ini Lv"," %",0.781250,0.781250,"78"
66,"PtVr Ini Lv"," %",0.812500,0.812500,"81"
66,"PtVr Ini Lv"," %",0.843750,0.843750,"84"
66,"PtVr Ini Lv"," %",0.875000,0.875000,"87"
66,"PtVr Ini Lv"," %",0.906250,0.906250,"90"
66,"PtVr Ini Lv"," %",0.937500,0.937500,"93"
66,"PtVr Ini Lv"," %",0.968750,0.968750,"96"
66,"PtVr Ini Lv"," %",1.000000,1.000000,"100"
67,"PtVr Atk Tm"," msec",0.000000,0.000000,"0.1"
67,"PtVr Atk Tm"," msec",0.031250,0.031250,"9.87"
67,"PtVr Atk Tm"," msec",0.062500,0.062500,"39.16"
67,"PtVr Atk Tm"," msec",0.093750,0.093750,"87.99"
67,"PtVr Atk Tm"," msec",0.125000,0.125000,"156.35"
67,"PtVr Atk Tm"," msec",0.156250,0.156250,"244.24"
67,"PtVr Atk Tm"," msec",0.187500,0.187500,"351.66"
67,"PtVr Atk Tm"," msec",0.218750,0.218750,"478.61"
67,"PtVr Atk Tm"," msec",0.250000,0.250000,"625.09"
67,"PtVr Atk Tm"," msec",0.281250,0.281250,"791.1"
67,"PtVr Atk Tm"," msec",0.312500,0.312500,"976.64"
67,"PtVr Atk Tm"," msec",0.343750,0.343750,"1181.72"
67,"PtVr Atk Tm"," msec",0.375000,0.375000,"1406.32"
67,"PtVr Atk Tm"," msec",0.406250,0.406250,"1650.46"
67,"PtVr Atk Tm"," msec",0.437500,0.437500,"1914.12"
67,"PtVr Atk Tm"," msec",0.468750,0.468750,"2197.32"
67,"PtVr Atk Tm"," msec",0.500000,0.500000,"2500.05"
67,"PtVr Atk Tm"," msec",0.531250,0.531250,"2822.31"
67,"PtVr Atk Tm"," msec",0.562500,0.562500,"3164.1"
67,"PtVr Atk Tm"," msec",0.593750,0.593750,"3525.42"
67,"PtVr Atk Tm"," msec",0.625000,0.625000,"3906.27"
67,"PtVr Atk Tm"," msec",0.656250,0.656250,"4306.65"
67,"PtVr Atk Tm"," msec",0.687500,0.687500,"4726.57"
67,"PtVr Atk Tm"," msec",0.718750,0.718750,"5166.01"
67,"PtVr Atk Tm"," msec",0.750000,0.750000,"5624.99"
67,"PtVr Atk Tm"," msec",0.781250,0.781250,"6103.49"
67,"PtVr Atk Tm"," msec",0.812500,0.812500,"6601.53"
67,"PtVr Atk Tm"," msec",0.843750,0.843750,"7119.1"
67,"PtVr Atk Tm"," msec",0.875000,0.875000,"7656.2"
67,"PtVr Atk Tm"," msec",0.906250,0.906250,"8212.83"
67,"PtVr Atk Tm"," msec",0.937500,0.937500,"8788.99"
67,"PtVr Atk Tm"," msec",0.968750,0.968750,"9384.68"
67,"PtVr Atk Tm"," msec",1.000000,1.000000,"9999.9"
68,"PtVr Atk Lv"," %",0.000000,0.000000,"0"
68,"PtVr Atk Lv"," %",0.031250,0.031250,"3"
68,"PtVr Atk Lv"," %",0.062500,0.062500,"6"
68,"PtVr Atk Lv"," %",0.093750,0.093750,"9"
68,"PtVr Atk Lv"," %",0.125000,0.125000,"12"
68,"PtVr Atk Lv"," %",0.156250,0.156250,"15"
68,"PtVr Atk Lv"," %",0.187500,0.187500,"18"
68,"PtVr Atk Lv"," %",0.218750,0.218750,"21"
68,"PtVr Atk Lv"," %",0.250000,0.250000,"25"
68,"PtVr Atk Lv"," %",0.281250,0.281250,"28"
68,"PtVr Atk Lv"," %",0.312500,0.312500,"31"
68,"PtVr Atk Lv"," %",0.343750,0.343750,"34"
68,"PtVr Atk Lv"," %",0.375000,0.375000,"37"
68,"PtVr Atk Lv"," %",0.406250,0.406250,"40"
68,"PtVr Atk Lv"," %",0.437500,0.437500,"43"
68,"PtVr Atk Lv"," %",0.468750,0.468750,"46"
68,"PtVr Atk Lv"," %",0.500000,0.500000,"50"
68,"PtVr Atk Lv"," %",0.531250,0.531250,"53"
68,"PtVr Atk Lv"," %",0.562500,0.562500,"56"
68,"PtVr Atk Lv"," %",0.593750,0.593750,"59"
68,"PtVr Atk Lv"," %",0.625000,0.625000,"62"
68,"PtVr Atk Lv"," %",0.656250,0.656250,"65"
68,"PtVr Atk Lv"," %",0.687500,0.687500,"68"
68,"PtVr Atk Lv"," %",0.718750,0.718750,"71"
68,"PtVr Atk Lv"," %",0.750000,0.750000,"75"
68,"PtVr Atk Lv"," %",0.781250,0.781250,"78"
68,"PtVr Atk Lv"," %",0.812500,0.812500,"81"
68,"PtVr Atk Lv"," %",0.843750,0.843750,"84"
68,"PtVr Atk Lv"," %",0.875000,0.875000,"87"
68,"PtVr Atk Lv"," %",0.906250,0.906250,"90"
68,"PtVr Atk Lv"," %",0.937500,0.937500,"93"
68,"PtVr Atk Lv"," %",0.968750,0.968750,"96"
68,"PtVr Atk Lv"," %",1.000000,1.000000,"100"
69,"PtVr Dec Tm"," msec",0.000000,0.000000,"0.1"
69,"PtVr Dec Tm"," msec",0.031250,0.031250,"9.87"
69,"PtVr Dec Tm"," msec",0.062500,0.062500,"39.16"
69,"PtVr Dec Tm"," msec",0.093750,0.093750,"87.99"
69,"PtVr Dec Tm"," msec",0.125000,0.125000,"156.35"
69,"PtVr Dec Tm"," msec",0.156250,0.156250,"244.24"
69,"PtVr Dec Tm"," msec",0.187500,0.187500,"351.66"
69,"PtVr Dec Tm"," msec",0.218750,0.218750,"478.61"
69,"PtVr Dec Tm"," msec",0.250000,0.250000,"625.09"
69,"PtVr Dec Tm"," msec",0.281250,0.281250,"791.1"
69,"PtVr Dec Tm"," msec",0.312500,0.312500,"976.64"
69,"PtVr Dec Tm"," msec",0.343750,0.343750,"1181.72"
69,"PtVr Dec Tm"," msec",0.375000,0.375000,"1406.32"
69,"PtVr Dec Tm"," msec",0.406250,0.406250,"1650.46"
69,"PtVr Dec Tm"," msec",0.437500,0.437500,"1914.12"
69,"PtVr Dec Tm"," msec",0.468750,0.468750,"2197.32"
69,"PtVr Dec Tm"," msec",0.500000,0.500000,"2500.05"
69,"PtVr Dec Tm"," msec",0.531250,0.531250,"2822.31"
69,"PtVr Dec Tm"," msec",0.562500,0.562500,"3164.1"
69,"PtVr Dec Tm"," msec",0.593750,0.593750,"3525.42"
69,"PtVr Dec Tm"," msec",0.625000,0.625000,"3906.27"
69,"PtVr Dec Tm"," msec",0.656250,0.656250,"4306.65"
69,"PtVr Dec Tm"," msec",0.687500,0.687500,"4726.57"
69,"PtVr Dec Tm"," msec",0.718750,0.718750,"5166.01"
69,"PtVr Dec Tm"," msec",0.750000,0.750000,"5624.99"
69,"PtVr Dec Tm"," msec",0.781250,0.781250,"6103.49"
69,"PtVr Dec Tm"," msec",0.812500,0.812500,"6601.53"
69,"PtVr Dec Tm"," msec",0.843750,0.843750,"7119.1"
69,"PtVr Dec Tm"," msec",0.875000,0.875000,"7656.2"
69,"PtVr Dec Tm"," msec",0.906250,0.906250,"8212.83"
69,"PtVr Dec Tm"," msec",0.937500,0.937500,"8788.99"
69,"PtVr Dec Tm"," msec",0.968750,0.968750,"9384.68"
69,"PtVr Dec Tm"," msec",1.000000,1.000000,"9999.9"
70,"PtVr Dec Lv"," %",0.000000,0.000000,"0"
70,"PtVr Dec Lv"," %",0.031250,0.031250,"3"
70,"PtVr Dec Lv"," %",0.062500,0.062500,"6"
70,"PtVr Dec Lv"," %",0.093750,0.093750,"9"
70,"PtVr Dec Lv"," %",0.125000,0.125000,"12"
70,"PtVr Dec Lv"," %",0.156250,0.156250,"15"
70,"PtVr Dec Lv"," %",0.187500,0.187500,"18"
70,"PtVr Dec Lv"," %",0.218750,0.218750,"21"
70,"PtVr Dec Lv"," %",0.250000,0.250000,"25"
70,"PtVr Dec Lv"," %",0.281250,0.281250,"28"
70,"PtVr Dec Lv"," %",0.312500,0.312500,"31"
70,"PtVr Dec Lv"," %",0.343750,0.343750,"34"
70,"PtVr Dec Lv"," %",0.375000,0.375000,"37"
70,"PtVr Dec Lv"," %",0.406250,0.406250,"40"
70,"PtVr Dec Lv"," %",0.437500,0.437500,"43"
70,"PtVr Dec Lv"," %",0.468750,0.468750,"46"
70,"PtVr Dec Lv"," %",0.500000,0.500000,"50"
70,"PtVr Dec Lv"," %",0.531250,0.531250,"53"
70,"PtVr Dec Lv"," %",0.562500,0.562500,"56"
70,"PtVr Dec Lv"," %",0.593750,0.593750,"59"
70,"PtVr Dec Lv"," %",0.625000,0.625000,"62"
70,"PtVr Dec Lv"," %",0.656250,0.656250,"65"
70,"PtVr Dec Lv"," %",0.687500,0.687500,"68"
70,"PtVr Dec Lv"," %",0.718750,0.718750,"71"
70,"PtVr Dec Lv"," %",0.750000,0.750000,"75"
70,"PtVr Dec Lv"," %",0.781250,0.781250,"78"
70,"PtVr Dec Lv"," %",0.812500,0.812500,"81"
70,"PtVr Dec Lv"," %",0.843750,0.843750,"84"
70,"PtVr Dec Lv"," %",0.875000,0.875000,"87"
70,"PtVr Dec Lv"," %",0.906250,0.906250,"90"
70,"PtVr Dec Lv"," %",0.937500,0.937500,"93"
70,"PtVr Dec Lv"," %",0.968750,0.968750,"96"
70,"PtVr Dec Lv"," %",1.000000,1.000000,"100"
71,"PtVr Rel Tm"," msec",0.000000,0.000000,"0.1"
71,"PtVr Rel Tm"," msec",0.031250,0.031250,"9.87"
71,"PtVr Rel Tm"," msec",0.062500,0.062500,"39.16"
71,"PtVr Rel Tm"," msec",0.093750,0.093750,"87.99"
71,"PtVr Rel Tm"," msec",0.125000,0.125000,"156.35"
71,"PtVr Rel Tm"," msec",0.156250,0.156250,"244.24"
71,"PtVr Rel Tm"," msec",0.187500,0.187500,"351.66"
71,"PtVr Rel Tm"," msec",0.218750,0.218750,"478.61"
71,"PtVr Rel Tm"," msec",0.250000,0.250000,"625.09"
71,"PtVr Rel Tm"," msec",0.281250,0.281250,"791.1"
71,"PtVr Rel Tm"," msec",0.312500,0.312500,"976.64"
71,"PtVr Rel Tm"," msec",0.343750,0.343750,"1181.72"
71,"PtVr Rel Tm"," msec",0.375000,0.375000,"1406.32"
71,"PtVr Rel Tm"," msec",0.406250,0.406250,"1650.46"
71,"PtVr Rel Tm"," msec",0.437500,0.437500,"1914.12"
71,"PtVr Rel Tm"," msec",0.468750,0.468750,"2197.32"
71,"PtVr Rel Tm"," msec",0.500000,0.500000,"2500.05"
71,"PtVr Rel Tm"," msec",0.531250,0.531250,"2822.31"
71,"PtVr Rel Tm"," msec",0.562500,0.562500,"3164.1"
71,"PtVr Rel Tm"," msec",0.593750,0.593750,"3525.42"
71,"PtVr Rel Tm"," msec",0.625000,0.625000,"3906.27"
71,"PtVr Rel Tm"," msec",0.656250,0.656250,"4306.65"
71,"PtVr Rel Tm"," msec",0.687500,0.687500,"4726.57"
71,"PtVr Rel Tm"," msec",0.718750,0.718750,"5166.01"
71,"PtVr Rel Tm"," msec",0.750000,0.750000,"5624.99"
71,"PtVr Rel Tm"," msec",0.781250,0.781250,"6103.49"
71,"PtVr Rel Tm"," msec",0.812500,0.812500,"6601.53"
71,"PtVr Rel Tm"," msec",0.843750,0.843750,"7119.1"
71,"PtVr Rel Tm"," msec",0.875000,0.875000,"7656.2"
71,"PtVr Rel Tm"," msec",0.906250,0.906250,"8212.83"
71,"PtVr Rel Tm"," msec",0.937500,0.937500,"8788.99"
71,"PtVr Rel Tm"," msec",0.968750,0.968750,"9384.68"
71,"PtVr Rel Tm"," msec",1.000000,1.000000,"9999.9"
72,"PtVr Rel Lv"," %",0.000000,0.000000,"0"
72,"PtVr Rel Lv"," %",0.031250,0.031250,"3"
72,"PtVr Rel Lv"," %",0.062500,0.062500,"6"
72,"PtVr Rel Lv"," %",0.093750,0.093750,"9"
72,"PtVr Rel Lv"," %",0.125000,0.125000,"12"
72,"PtVr Rel Lv"," %",0.156250,0.156250,"15"
72,"PtVr Rel Lv"," %",0.187500,0.187500,"18"
72,"PtVr Rel Lv"," %",0.218750,0.218750,"21"
72,"PtVr Rel Lv"," %",0.250000,0.250000,"25"
72,"PtVr Rel Lv"," %",0.281250,0.281250,"28"
72,"PtVr Rel Lv"," %",0.312500,0.312500,"31"
72,"PtVr Rel Lv"," %",0.343750,0.343750,"34"
72,"PtVr Rel Lv"," %",0.375000,0.375000,"37"
72,"PtVr Rel Lv"," %",0.406250,0.406250,"40"
72,"PtVr Rel Lv"," %",0.437500,0.437500,"43"
72,"PtVr Rel Lv"," %",0.468750,0.468750,"46"
72,"PtVr Rel Lv"," %",0.500000,0.500000,"50"
72,"PtVr Rel Lv"," %",0.531250,0.531250,"53"
72,"PtVr Rel Lv"," %",0.562500,0.562500,"56"
72,"PtVr Rel Lv"," %",0.593750,0.593750,"59"
72,"PtVr Rel Lv"," %",0.625000,0.625000,"62"
72,"PtVr Rel Lv"," %",0.656250,0.656250,"65"
72,"PtVr Rel Lv"," %",0.687500,0.687500,"68"
72,"PtVr Rel Lv"," %",0.718750,0.718750,"71"
72,"PtVr Rel Lv"," %",0.750000,0.750000,"75"
72,"PtVr Rel Lv"," %",0.781250,0.781250,"78"
72,"PtVr Rel Lv"," %",0.812500,0.812500,"81"
72,"PtVr Rel Lv"," %",0.843750,0.843750,"84"
72,"PtVr Rel Lv"," %",0.875000,0.875000,"87"
72,"PtVr Rel Lv"," %",0.906250,0.906250,"90"
72,"PtVr Rel Lv"," %",0.937500,0.937500,"93"
72,"PtVr Rel Lv"," %",0.968750,0.968750,"96"
72,"PtVr Rel Lv"," %",1.000000,1.000000,"100"
73,"PnVr Ini Lv"," %",0.000000,0.000000,"0"
73,"PnVr Ini Lv"," %",0.031250,0.031250,"3"
73,"PnVr Ini Lv"," %",0.062500,0.062500,"6"
73,"PnVr Ini Lv"," %",0.093750,0.093750,"9"
73,"PnVr Ini Lv"," %",0.125000,0.125000,"12"
73,"PnVr Ini Lv"," %",0.156250,0.156250,"15"
73,"PnVr Ini Lv"," %",0.187500,0.187500,"18"
73,"PnVr Ini Lv"," %",0.218750,0.218750,"21"
73,"PnVr Ini Lv"," %",0.250000,0.250000,"25"
73,"PnVr Ini Lv"," %",0.281250,0.281250,"28"
73,"PnVr Ini Lv"," %",0.312500,0.312500,"31"
73,"PnVr Ini Lv"," %",0.343750,0.343750,"34"
73,"PnVr Ini Lv"," %",0.375000,0.375000,"37"
73,"PnVr Ini Lv"," %",0.406250,0.406250,"40"
73,"PnVr Ini Lv"," %",0.437500,0.437500,"43"
73,"PnVr Ini Lv"," %",0.468750,0.468750,"46"
73,"PnVr Ini Lv"," %",0.500000,0.500000,"50"
73,"PnVr Ini Lv"," %",0.531250,0.531250,"53"
73,"PnVr Ini Lv"," %",0.562500,0.562500,"56"
73,"PnVr Ini Lv"," %",0.593750,0.593750,"59"
73,"PnVr Ini Lv"," %",0.625000,0.625000,"62"
73,"PnVr Ini Lv"," %",0.656250,0.656250,"65"
73,"PnVr Ini Lv"," %",0.687500,0.687500,"68"
73,"PnVr Ini Lv"," %",0.718750,0.718750,"71"
73,"PnVr Ini Lv"," %",0.750000,0.750000,"75"
73,"PnVr Ini Lv"," %",0.781250,0.781250,"78"
73,"PnVr Ini Lv"," %",0.812500,0.812500,"81"
73,"PnVr Ini Lv"," %",0.843750,0.843750,"84"
73,"PnVr Ini Lv"," %",0.875000,0.875000,"87"
73,"PnVr Ini Lv"," %",0.906250,0.906250,"90"
73,"PnVr Ini Lv"," %",0.937500,0.937500,"93"
73,"PnVr Ini Lv"," %",0.968750,0.968750,"96"
73,"PnVr Ini Lv"," %",1.000000,1.000000,"100"
74,"PnVr Atk Tm"," msec",0.000000,0.000000,"0.1"
74,"PnVr Atk Tm"," msec",0.031250,0.031250,"9.87"
74,"PnVr Atk Tm"," msec",0.062500,0.062500,"39.16"
74,"PnVr Atk Tm"," msec",0.093750,0.093750,"87.99"
74,"PnVr Atk Tm"," msec",0.125000,0.125000,"156.35"
74,"PnVr Atk Tm"," msec",0.156250,0.156250,"244.24"
74,"PnVr Atk Tm"," msec",0.187500,0.187500,"351.66"
74,"PnVr Atk Tm"," msec",0.218750,0.218750,"478.61"
74,"PnVr Atk Tm"," msec",0.250000,0.250000,"625.09"
74,"PnVr Atk Tm"," msec",0.281250,0.281250,"791.1"
74,"PnVr Atk Tm"," msec",0.312500,0.312500,"976.64"
74,"PnVr Atk Tm"," msec",0.343750,0.343750,"1181.72"
74,"PnVr Atk Tm"," msec",0.375000,0.375000,"1406.32"
74,"PnVr Atk Tm"," msec",0.406250,0.406250,"1650.46"
74,"PnVr Atk Tm"," msec",0.437500,0.437500,"1914.12"
74,"PnVr Atk Tm"," msec",0.468750,0.468750,"2197.32"
74,"PnVr Atk Tm"," msec",0.500000,0.500000,"2500.05"
74,"PnVr Atk Tm"," msec",0.531250,0.531250,"2822.31"
74,"PnVr Atk Tm"," msec",0.562500,0.562500,"3164.1"
74,"PnVr Atk Tm"," msec",0.593750,0.593750,"3525.42"
74,"PnVr Atk Tm"," msec",0.625000,0.625000,"3906.27"
74,"PnVr Atk Tm"," msec",0.656250,0.656250,"4306.65"
74,"PnVr Atk Tm"," msec",0.687500,0.687500,"4726.57"
74,"PnVr Atk Tm"," msec",0.718750,0.718750,"5166.01"
74,"PnVr Atk Tm"," msec",0.750000,0.750000,"5624.99"
74,"PnVr Atk Tm"," msec",0.781250,0.781250,"6103.49"
74,"PnVr Atk Tm"," msec",0.812500,0.812500,"6601.53"
74,"PnVr Atk Tm"," msec",0.843750,0.843750,"7119.1"
74,"PnVr Atk Tm"," msec",0.875000,0.875000,"7656.2"
74,"PnVr Atk Tm"," msec",0.906250,0.906250,"8212.83"
74,"PnVr Atk Tm"," msec",0.937500,0.937500,"8788.99"
74,"PnVr Atk Tm"," msec",0.968750,0.968750,"9384.68"
74,"PnVr Atk Tm"," msec",1.000000,1.000000,"9999.9"
75,"PnVr Atk Lv"," %",0.000000,0.000000,"0"
75,"PnVr Atk Lv"," %",0.031250,0.031250,"3"
75,"PnVr Atk Lv"," %",0.062500,0.062500,"6"
75,"PnVr Atk Lv"," %",0.093750,0.093750,"9"
75,"PnVr Atk Lv"," %",0.125000,0.125000,"12"
75,"PnVr Atk Lv"," %",0.156250,0.156250,"15"
75,"PnVr Atk Lv"," %",0.187500,0.187500,"18"
75,"PnVr Atk Lv"," %",0.218750,0.218750,"21"
75,"PnVr Atk Lv"," %",0.250000,0.250000,"25"
75,"PnVr Atk Lv"," %",0.281250,0.281250,"28"
75,"PnVr Atk Lv"," %",0.312500,0.312500,"31"
75,"PnVr Atk Lv"," %",0.343750,0.343750,"34"
75,"PnVr Atk Lv"," %",0.375000,0.375000,"37"
75,"PnVr Atk Lv"," %",0.406250,0.406250,"40"
75,"PnVr Atk Lv"," %",0.437500,0.437500,"43"
75,"PnVr Atk Lv"," %",0.468750,0.468750,"46"
75,"PnVr Atk Lv"," %",0.500000,0.500000,"50"
75,"PnVr Atk Lv"," %",0.531250,0.531250,"53"
75,"PnVr Atk Lv"," %",0.562500,0.562500,"56"
75,"PnVr Atk Lv"," %",0.593750,0.593750,"59"
75,"PnVr Atk Lv"," %",0.625000,0.625000,"62"
75,"PnVr Atk Lv"," %",0.656250,0.656250,"65"
75,"PnVr Atk Lv"," %",0.687500,0.687500,"68"
75,"PnVr Atk Lv"," %",0.718750,0.718750,"71"
75,"PnVr Atk Lv"," %",0.750000,0.750000,"75"
75,"PnVr Atk Lv"," %",0.781250,0.781250,"78"
75,"PnVr Atk Lv"," %",0.812500,0.812500,"81"
75,"PnVr Atk Lv"," %",0.843750,0.843750,"84"
75,"PnVr Atk Lv"," %",0.875000,0.875000,"87"
75,"PnVr Atk Lv"," %",0.906250,0.906250,"90"
75,"PnVr Atk Lv"," %",0.937500,0.937500,"93"
75,"PnVr Atk Lv"," %",0.968750,0.968750,"96"
75,"PnVr Atk Lv"," %",1.000000,1.000000,"100"
76,"PnVr Dec Tm"," msec",0.000000,0.000000,"0.1"
76,"PnVr Dec Tm"," msec",0.031250,0.031250,"9.87"
76,"PnVr Dec Tm"," msec",0.062500,0.062500,"39.16"
76,"PnVr Dec Tm"," msec",0.093750,0.093750,"87.99"
76,"PnVr Dec Tm"," msec",0.125000,0.125000,"156.35"
76,"PnVr Dec Tm"," msec",0.156250,0.156250,"244.24"
76,"PnVr Dec Tm"," msec",0.187500,0.187500,"351.66"
76,"PnVr Dec Tm"," msec",0.218750,0.218750,"478.61"
76,"PnVr Dec Tm"," msec",0.250000,0.250000,"625.09"
76,"PnVr Dec Tm"," msec",0.281250,0.281250,"791.1"
76,"PnVr Dec Tm"," msec",0.312500,0.312500,"976.64"
76,"PnVr Dec Tm"," msec",0.343750,0.343750,"1181.72"
76,"PnVr Dec Tm"," msec",0.375000,0.375000,"1406.32"
76,"PnVr Dec Tm"," msec",0.406250,0.406250,"1650.46"
76,"PnVr Dec Tm"," msec",0.437500,0.437500,"1914.12"
76,"PnVr Dec Tm"," msec",0.468750,0.468750,"2197.32"
76,"PnVr Dec Tm"," msec",0.500000,0.500000,"2500.05"
76,"PnVr Dec Tm"," msec",0.531250,0.531250,"2822.31"
76,"PnVr Dec Tm"," msec",0.562500,0.562500,"3164.1"
76,"PnVr Dec Tm"," msec",0.593750,0.593750,"3525.42"
76,"PnVr Dec Tm"," msec",0.625000,0.625000,"3906.27"
76,"PnVr Dec Tm"," msec",0.656250,0.656250,"4306.65"
76,"PnVr Dec Tm"," msec",0.687500,0.687500,"4726.57"
76,"PnVr Dec Tm"," msec",0.718750,0.718750,"5166.01"
76,"PnVr Dec Tm"," msec",0.750000,0.750000,"5624.99"
76,"PnVr Dec Tm"," msec",0.781250,0.781250,"6103.49"
76,"PnVr Dec Tm"," msec",0.812500,0.812500,"6601.53"
76,"PnVr Dec Tm"," msec",0.843750,0.843750,"7119.1"
76,"PnVr Dec Tm"," msec",0.875000,0.875000,"7656.2"
76,"PnVr Dec Tm"," msec",0.906250,0.906250,"8212.83"
76,"PnVr Dec Tm"," msec",0.937500,0.937500,"8788.99"
76,"PnVr Dec Tm"," msec",0.968750,0.968750,"9384.68"
76,"PnVr Dec Tm"," msec",1.000000,1.000000,"9999.9"
77,"PnVr Dec Lv"," %",0.000000,0.000000,"0"
77,"PnVr Dec Lv"," %",0.031250,0.031250,"3"
77,"PnVr Dec Lv"," %",0.062500,0.062500,"6"
77,"PnVr Dec Lv"," %",0.093750,0.093750,"9"
77,"PnVr Dec Lv"," %",0.125000,0.125000,"12"
77,"PnVr Dec Lv"," %",0.156250,0.156250,"15"
77,"PnVr Dec Lv"," %",0.187500,0.187500,"18"
77,"PnVr Dec Lv"," %",0.218750,0.218750,"21"
77,"PnVr Dec Lv"," %",0.250000,0.250000,"25"
77,"PnVr Dec Lv"," %",0.281250,0.281250,"28"
77,"PnVr Dec Lv"," %",0.312500,0.312500,"31"
77,"PnVr Dec Lv"," %",0.343750,0.343750,"34"
77,"PnVr Dec Lv"," %",0.375000,0.375000,"37"
77,"PnVr Dec Lv"," %",0.406250,0.406250,"40"
77,"PnVr Dec Lv"," %",0.437500,0.437500,"43"
77,"PnVr Dec Lv"," %",0.468750,0.468750,"46"
77,"PnVr Dec Lv"," %",0.500000,0.500000,"50"
77,"PnVr Dec Lv"," %",0.531250,0.531250,"53"
77,"PnVr Dec Lv"," %",0.562500,0.562500,"56"
77,"PnVr Dec Lv"," %",0.593750,0.593750,"59"
77,"PnVr Dec Lv"," %",0.625000,0.625000,"62"
77,"PnVr Dec Lv"," %",0.656250,0.656250,"65"
77,"PnVr Dec Lv"," %",0.687500,0.687500,"68"
77,"PnVr Dec Lv"," %",0.718750,0.718750,"71"
77,"PnVr Dec Lv"," %",0.750000,0.750000,"75"
77,"PnVr Dec Lv"," %",0.781250,0.781250,"78"
77,"PnVr Dec Lv"," %",0.812500,0.812500,"81"
77,"PnVr Dec Lv"," %",0.843750,0.843750,"84"
77,"PnVr Dec Lv"," %",0.875000,0.875000,"87"
77,"PnVr Dec Lv"," %",0.906250,0.906250,"90"
77,"PnVr Dec Lv"," %",0.937500,0.937500,"93"
77,"PnVr Dec Lv"," %",0.968750,0.968750,"96"
77,"PnVr Dec Lv"," %",1.000000,1.000000,"100"
78,"PnVr Rel Tm"," msec",0.000000,0.000000,"0.1"
78,"PnVr Rel Tm"," msec",0.031250,0.031250,"9.87"
78,"PnVr Rel Tm"," msec",0.062500,0.062500,"39.16"
78,"PnVr Rel Tm"," msec",0.093750,0.093750,"87.99"
78,"PnVr Rel Tm"," msec",0.125000,0.125000,"156.35"
78,"PnVr Rel Tm"," msec",0.156250,0.156250,"244.24"
78,"PnVr Rel Tm"," msec",0.187500,0.187500,"351.66"
78,"PnVr Rel Tm"," msec",0.218750,0.218750,"478.61"
78,"PnVr Rel Tm"," msec",0.250000,0.250000,"625.09"
78,"PnVr Rel Tm"," msec",0.281250,0.281250,"791.1"
78,"PnVr Rel Tm"," msec",0.312500,0.312500,"976.64"
78,"PnVr Rel Tm"," msec",0.343750,0.343750,"1181.72"
78,"PnVr Rel Tm"," msec",0.375000,0.375000,"1406.32"
78,"PnVr Rel Tm"," msec",0.406250,0.406250,"1650.46"
78,"PnVr Rel Tm"," msec",0.437500,0.437500,"1914.12"
78,"PnVr Rel Tm"," msec",0.468750,0.468750,"2197.32"
78,"PnVr Rel Tm"," msec",0.500000,0.500000,"2500.05"
78,"PnVr Rel Tm"," msec",0.531250,0.531250,"2822.31"
78,"PnVr Rel Tm"," msec",0.562500,0.562500,"3164.1"
78,"PnVr Rel Tm"," msec",0.593750,0.593750,"3525.42"
78,"PnVr Rel Tm"," msec",0.625000,0.625000,"3906.27"
78,"PnVr Rel Tm"," msec",0.656250,0.656250,"4306.65"
78,"PnVr Rel Tm"," msec",0.687500,0.687500,"4726.57"
78,"PnVr Rel Tm"," msec",0.718750,0.718750,"5166.01"
78,"PnVr Rel Tm"," msec",0.750000,0.750000,"5624.99"
78,"PnVr Rel Tm"," msec",0.781250,0.781250,"6103.49"
78,"PnVr Rel Tm"," msec",0.812500,0.812500,"6601.53"
78,"PnVr Rel Tm"," msec",0.843750,0.843750,"7119.1"
78,"PnVr Rel Tm"," msec",0.875000,0.875000,"7656.2"
78,"PnVr Rel Tm"," msec",0.906250,0.906250,"8212.83"
78,"PnVr Rel Tm"," msec",0.937500,0.937500,"8788.99"
78,"PnVr Rel Tm"," msec",0.968750,0.968750,"9384.68"
78,"PnVr Rel Tm"," msec",1.000000,1.000000,"9999.9"
79,"PnVr Rel Lv"," %",0.000000,0.000000,"0"
79,"PnVr Rel Lv"," %",0.031250,0.031250,"3"
79,"PnVr Rel Lv"," %",0.062500,0.062500,"6"
79,"PnVr Rel Lv"," %",0.093750,0.093750,"9"
79,"PnVr Rel Lv"," %",0.125000,0.125000,"12"
79,"PnVr Rel Lv"," %",0.156250,0.156250,"15"
79,"PnVr Rel Lv"," %",0.187500,0.187500,"18"
79,"PnVr Rel Lv"," %",0.218750,0.218750,"21"
79,"PnVr Rel Lv"," %",0.250000,0.250000,"25"
79,"PnVr Rel Lv"," %",0.281250,0.281250,"28"
79,"PnVr Rel Lv"," %",0.312500,0.312500,"31"
79,"PnVr Rel Lv"," %",0.343750,0.343750,"34"
79,"PnVr Rel Lv"," %",0.375000,0.375000,"37"
79,"PnVr Rel Lv"," %",0.406250,0.406250,"40"
79,"PnVr Rel Lv"," %",0.437500,0.437500,"43"
79,"PnVr Rel Lv"," %",0.468750,0.468750,"46"
79,"PnVr Rel Lv"," %",0.500000,0.500000,"50"
79,"PnVr Rel Lv"," %",0.531250,0.531250,"53"
79,"PnVr Rel Lv"," %",0.562500,0.562500,"56"
79,"PnVr Rel Lv"," %",0.593750,0.593750,"59"
79,"PnVr Rel Lv"," %",0.625000,0.625000,"62"
79,"PnVr Rel Lv"," %",0.656250,0.656250,"65"
79,"PnVr Rel Lv"," %",0.687500,0.687500,"68"
79,"PnVr Rel Lv"," %",0.718750,0.718750,"71"
79,"PnVr Rel Lv"," %",0.750000,0.750000,"75"
79,"PnVr Rel Lv"," %",0.781250,0.781250,"78"
79,"PnVr Rel Lv"," %",0.812500,0.812500,"81"
79,"PnVr Rel Lv"," %",0.843750,0.843750,"84"
79,"PnVr Rel Lv"," %",0.875000,0.875000,"87"
79,"PnVr Rel Lv"," %",0.906250,0.906250,"90"
79,"PnVr Rel Lv"," %",0.937500,0.937500,"93"
79,"PnVr Rel Lv"," %",0.968750,0.968750,"96"
79,"PnVr Rel Lv"," %",1.000000,1.000000,"100"
80,"RsVr Ini Lv"," %",0.000000,0.000000,"0"
80,"RsVr Ini Lv"," %",0.031250,0.031250,"3"
80,"RsVr Ini Lv"," %",0.062500,0.062500,"6"
80,"RsVr Ini Lv"," %",0.093750,0.093750,"9"
80,"RsVr Ini Lv"," %",0.125000,0.125000,"12"
80,"RsVr Ini Lv"," %",0.156250,0.156250,"15"
80,"RsVr Ini Lv"," %",0.187500,0.187500,"18"
80,"RsVr Ini Lv"," %",0.218750,0.218750,"21"
80,"RsVr Ini Lv"," %",0.250000,0.250000,"25"
80,"RsVr Ini Lv"," %",0.281250,0.281250,"28"
80,"RsVr Ini Lv"," %",0.312500,0.312500,"31"
80,"RsVr Ini Lv"," %",0.343750,0.343750,"34"
80,"RsVr Ini Lv"," %",0.375000,0.375000,"37"
80,"RsVr Ini Lv"," %",0.406250,0.406250,"40"
80,"RsVr Ini Lv"," %",0.437500,0.437500,"43"
80,"RsVr Ini Lv"," %",0.468750,0.468750,"46"
80,"RsVr Ini Lv"," %",0.500000,0.500000,"50"
80,"RsVr Ini Lv"," %",0.531250,0.531250,"53"
80,"RsVr Ini Lv"," %",0.562500,0.562500,"56"
80,"RsVr Ini Lv"," %",0.593750,0.593750,"59"
80,"RsVr Ini Lv"," %",0.625000,0.625000,"62"
80,"RsVr Ini Lv"," %",0.656250,0.656250,"65"
80,"RsVr Ini Lv"," %",0.687500,0.687500,"68"
80,"RsVr Ini Lv"," %",0.718750,0.718750,"71"
80,"RsVr Ini Lv"," %",0.750000,0.750000,"75"
80,"RsVr Ini Lv"," %",0.781250,0.781250,"78"
80,"RsVr Ini Lv"," %",0.812500,0.812500,"81"
80,"RsVr Ini Lv"," %",0.843750,0.843750,"84"
80,"RsVr Ini Lv"," %",0.875000,0.875000,"87"
80,"RsVr Ini Lv"," %",0.906250,0.906250,"90"
80,"RsVr Ini Lv"," %",0.937500,0.937500,"93"
80,"RsVr Ini Lv"," %",0.968750,0.968750,"96"
80,"RsVr Ini Lv"," %",1.000000,1.000000,"100"
81,"RsVr Atk Tm"," msec",0.000000,0.000000,"0.1"
81,"RsVr Atk Tm"," msec",0.031250,0.031250,"9.87"
81,"RsVr Atk Tm"," msec",0.062500,0.062500,"39.16"
81,"RsVr Atk Tm"," msec",0.093750,0.093750,"87.99"
81,"RsVr Atk Tm"," msec",0.125000,0.125000,"156.35"
81,"RsVr Atk Tm"," msec",0.156250,0.156250,"244.24"
81,"RsVr Atk Tm"," msec",0.187500,0.187500,"351.66"
81,"RsVr Atk Tm"," msec",0.218750,0.218750,"478.61"
81,"RsVr Atk Tm"," msec",0.250000,0.250000,"625.09"
81,"RsVr Atk Tm"," msec",0.281250,0.281250,"791.1"
81,"RsVr Atk Tm"," msec",0.312500,0.312500,"976.64"
81,"RsVr Atk Tm"," msec",0.343750,0.343750,"1181.72"
81,"RsVr Atk Tm"," msec",0.375000,0.375000,"1406.32"
81,"RsVr Atk Tm"," msec",0.406250,0.406250,"1650.46"
81,"RsVr Atk Tm"," msec",0.437500,0.437500,"1914.12"
81,"RsVr Atk Tm"," msec",0.468750,0.468750,"2197.32"
81,"RsVr Atk Tm"," msec",0.500000,0.500000,"2500.05"
81,"RsVr Atk Tm"," msec",0.531250,0.531250,"2822.31"
81,"RsVr Atk Tm"," msec",0.562500,0.562500,"3164.1"
81,"RsVr Atk Tm"," msec",0.593750,0.593750,"3525.42"
81,"RsVr Atk Tm"," msec",0.625000,0.625000,"3906.27"
81,"RsVr Atk Tm"," msec",0.656250,0.656250,"4306.65"
81,"RsVr Atk Tm"," msec",0.687500,0.687500,"4726.57"
81,"RsVr Atk Tm"," msec",0.718750,0.718750,"5166.01"
81,"RsVr Atk Tm"," msec",0.750000,0.750000,"5624.99"
81,"RsVr Atk Tm"," msec",0.781250,0.781250,"6103.49"
81,"RsVr Atk Tm"," msec",0.812500,0.812500,"6601.53"
81,"RsVr Atk Tm"," msec",0.843750,0.843750,"7119.1"
81,"RsVr Atk Tm"," msec",0.875000,0.875000,"7656.2"
81,"RsVr Atk Tm"," msec",0.906250,0.906250,"8212.83"
81,"RsVr Atk Tm"," msec",0.937500,0.937500,"8788.99"
81,"RsVr Atk Tm"," msec",0.968750,0.968750,"9384.68"
81,"RsVr Atk Tm"," msec",1.000000,1.000000,"9999.9"
82,"RsVr Atk Lv"," %",0.000000,0.000000,"0"
82,"RsVr Atk Lv"," %",0.031250,0.031250,"3"
82,"RsVr Atk Lv"," %",0.062500,0.062500,"6"
82,"RsVr Atk Lv"," %",0.093750,0.093750,"9"
82,"RsVr Atk Lv"," %",0.125000,0.125000,"12"
82,"RsVr Atk Lv"," %",0.156250,0.156250,"15"
82,"RsVr Atk Lv"," %",0.187500,0.187500,"18"
82,"RsVr Atk Lv"," %",0.218750,0.218750,"21"
82,"RsVr Atk Lv"," %",0.250000,0.250000,"25"
82,"RsVr Atk Lv"," %",0.281250,0.281250,"28"
82,"RsVr Atk Lv"," %",0.312500,0.312500,"31"
82,"RsVr Atk Lv"," %",0.343750,0.343750,"34"
82,"RsVr Atk Lv"," %",0.375000,0.375000,"37"
82,"RsVr Atk Lv"," %",0.406250,0.406250,"40"
82,"RsVr Atk Lv"," %",0.437500,0.437500,"43"
82,"RsVr Atk Lv"," %",0.468750,0.468750,"46"
82,"RsVr Atk Lv"," %",0.500000,0.500000,"50"
82,"RsVr Atk Lv"," %",0.531250,0.531250,"53"
82,"RsVr Atk Lv"," %",0.562500,0.562500,"56"
82,"RsVr Atk Lv"," %",0.593750,0.593750,"59"
82,"RsVr Atk Lv"," %",0.625000,0.625000,"62"
82,"RsVr Atk Lv"," %",0.656250,0.656250,"65"
82,"RsVr Atk Lv"," %",0.687500,0.687500,"68"
82,"RsVr Atk Lv"," %",0.718750,0.718750,"71"
82,"RsVr Atk Lv"," %",0.750000,0.750000,"75"
82,"RsVr Atk Lv"," %",0.781250,0.781250,"78"
82,"RsVr Atk Lv"," %",0.812500,0.812500,"81"
82,"RsVr Atk Lv"," %",0.843750,0.843750,"84"
82,"RsVr Atk Lv"," %",0.875000,0.875000,"87"
82,"RsVr Atk Lv"," %",0.906250,0.906250,"90"
82,"RsVr Atk Lv"," %",0.937500,0.937500,"93"
82,"RsVr Atk Lv"," %",0.968750,0.968750,"96"
82,"RsVr Atk Lv"," %",1.000000,1.000000,"100"
83,"RsVr Dec Tm"," msec",0.000000,0.000000,"0.1"
83,"RsVr Dec Tm"," msec",0.031250,0.031250,"9.87"
83,"RsVr Dec Tm"," msec",0.062500,0.062500,"39.16"
83,"RsVr Dec Tm"," msec",0.093750,0.093750,"87.99"
83,"RsVr Dec Tm"," msec",0.125000,0.125000,"156.35"
83,"RsVr Dec Tm"," msec",0.156250,0.156250,"244.24"
83,"RsVr Dec Tm"," msec",0.187500,0.187500,"351.66"
83,"RsVr Dec Tm"," msec",0.218750,0.218750,"478.61"
83,"RsVr Dec Tm"," msec",0.250000,0.250000,"625.09"
83,"RsVr Dec Tm"," msec",0.281250,0.281250,"791.1"
83,"RsVr Dec Tm"," msec",0.312500,0.312500,"976.64"
83,"RsVr Dec Tm"," msec",0.343750,0.343750,"1181.72"
83,"RsVr Dec Tm"," msec",0.375000,0.375000,"1406.32"
83,"RsVr Dec Tm"," msec",0.406250,0.406250,"1650.46"
83,"RsVr Dec Tm"," msec",0.437500,0.437500,"1914.12"
83,"RsVr Dec Tm"," msec",0.468750,0.468750,"2197.32"
83,"RsVr Dec Tm"," msec",0.500000,0.500000,"2500.05"
83,"RsVr Dec Tm"," msec",0.531250,0.531250,"2822.31"
83,"RsVr Dec Tm"," msec",0.562500,0.562500,"3164.1"
83,"RsVr Dec Tm"," msec",0.593750,0.593750,"3525.42"
83,"RsVr Dec Tm"," msec",0.625000,0.625000,"3906.27"
83,"RsVr Dec Tm"," msec",0.656250,0.656250,"4306.65"
83,"RsVr Dec Tm"," msec",0.687500,0.687500,"4726.57"
83,"RsVr Dec Tm"," msec",0.718750,0.718750,"5166.01"
83,"RsVr Dec Tm"," msec",0.750000,0.750000,"5624.99"
83,"RsVr Dec Tm"," msec",0.781250,0.781250,"6103.49"
83,"RsVr Dec Tm"," msec",0.812500,0.812500,"6601.53"
83,"RsVr Dec Tm"," msec",0.843750,0.843750,"7119.1"
83,"RsVr Dec Tm"," msec",0.875000,0.875000,"7656.2"
83,"RsVr Dec Tm"," msec",0.906250,0.906250,"8212.83"
83,"RsVr Dec Tm"," msec",0.937500,0.937500,"8788.99"
83,"RsVr Dec Tm"," msec",0.968750,0.968750,"9384.68"
83,"RsVr Dec Tm"," msec",1.000000,1.000000,"9999.9"
84,"RsVr Dec Lv"," %",0.000000,0.000000,"0"
84,"RsVr Dec Lv"," %",0.031250,0.031250,"3"
84,"RsVr Dec Lv"," %",0.062500,0.062500,"6"
84,"RsVr Dec Lv"," %",0.093750,0.093750,"9"
84,"RsVr Dec Lv"," %",0.125000,0.125000,"12"
84,"RsVr Dec Lv"," %",0.156250,0.156250,"15"
84,"RsVr Dec Lv"," %",0.187500,0.187500,"18"
84,"RsVr Dec Lv"," %",0.218750,0.218750,"21"
84,"RsVr Dec Lv"," %",0.250000,0.250000,"25"
84,"RsVr Dec Lv"," %",0.281250,0.281250,"28"
84,"RsVr Dec Lv"," %",0.312500,0.312500,"31"
84,"RsVr Dec Lv"," %",0.343750,0.343750,"34"
84,"RsVr Dec Lv"," %",0.375000,0.375000,"37"
84,"RsVr Dec Lv"," %",0.406250,0.406250,"40"
84,"RsVr Dec Lv"," %",0.437500,0.437500,"43"
84,"RsVr Dec Lv"," %",0.468750,0.468750,"46"
84,"RsVr Dec Lv"," %",0.500000,0.500000,"50"
84,"RsVr Dec Lv"," %",0.531250,0.531250,"53"
84,"RsVr Dec Lv"," %",0.562500,0.562500,"56"
84,"RsVr Dec Lv"," %",0.593750,0.593750,"59"
84,"RsVr Dec Lv"," %",0.625000,0.625000,"62"
84,"RsVr Dec Lv"," %",0.656250,0.656250,"65"
84,"RsVr Dec Lv"," %",0.687500,0.687500,"68"
84,"RsVr Dec Lv"," %",0.718750,0.718750,"71"
84,"RsVr Dec Lv"," %",0.750000,0.750000,"75"
84,"RsVr Dec Lv"," %",0.781250,0.781250,"78"
84,"RsVr Dec Lv"," %",0.812500,0.812500,"81"
84,"RsVr Dec Lv"," %",0.843750,0.843750,"84"
84,"RsVr Dec Lv"," %",0.875000,0.875000,"87"
84,"RsVr Dec Lv"," %",0.906250,0.906250,"90"
84,"RsVr Dec Lv"," %",0.937500,0.937500,"93"
84,"RsVr Dec Lv"," %",0.968750,0.968750,"96"
84,"RsVr Dec Lv"," %",1.000000,1.000000,"100"
85,"RsVr Rel Tm"," msec",0.000000,0.000000,"0.1"
85,"RsVr Rel Tm"," msec",0.031250,0.031250,"9.87"
85,"RsVr Rel Tm"," msec",0.062500,0.062500,"39.16"
85,"RsVr Rel Tm"," msec",0.093750,0.093750,"87.99"
85,"RsVr Rel Tm"," msec",0.125000,0.125000,"156.35"
85,"RsVr Rel Tm"," msec",0.156250,0.156250,"244.24"
85,"RsVr Rel Tm"," msec",0.187500,0.187500,"351.66"
85,"RsVr Rel Tm"," msec",0.218750,0.218750,"478.61"
85,"RsVr Rel Tm"," msec",0.250000,0.250000,"625.09"
85,"RsVr Rel Tm"," msec",0.281250,0.281250,"791.1"
85,"RsVr Rel Tm"," msec",0.312500,0.312500,"976.64"
85,"RsVr Rel Tm"," msec",0.343750,0.343750,"1181.72"
85,"RsVr Rel Tm"," msec",0.375000,0.375000,"1406.32"
85,"RsVr Rel Tm"," msec",0.406250,0.406250,"1650.46"
85,"RsVr Rel Tm"," msec",0.437500,0.437500,"1914.12"
85,"RsVr Rel Tm"," msec",0.468750,0.468750,"2197.32"
85,"RsVr Rel Tm"," msec",0.500000,0.500000,"2500.05"
85,"RsVr Rel Tm"," msec",0.531250,0.531250,"2822.31"
85,"RsVr Rel Tm"," msec",0.562500,0.562500,"3164.1"
85,"RsVr Rel Tm"," msec",0.593750,0.593750,"3525.42"
85,"RsVr Rel Tm"," msec",0.625000,0.625000,"3906.27"
85,"RsVr Rel Tm"," msec",0.656250,0.656250,"4306.65"
85,"RsVr Rel Tm"," msec",0.687500,0.687500,"4726.57"
85,"RsVr Rel Tm"," msec",0.718750,0.718750,"5166.01"
85,"RsVr Rel Tm"," msec",0.750000,0.750000,"5624.99"
85,"RsVr Rel Tm"," msec",0.781250,0.781250,"6103.49"
85,"RsVr Rel Tm"," msec",0.812500,0.812500,"6601.53"
85,"RsVr Rel Tm"," msec",0.843750,0.843750,"7119.1"
85,"RsVr Rel Tm"," msec",0.875000,0.875000,"7656.2"
85,"RsVr Rel Tm"," msec",0.906250,0.906250,"8212.83"
85,"RsVr Rel Tm"," msec",0.937500,0.937500,"8788.99"
85,"RsVr Rel Tm"," msec",0.968750,0.968750,"9384.68"
85,"RsVr Rel Tm"," msec",1.000000,1.000000,"9999.9"
86,"RsVr Rel Lv"," %",0.000000,0.000000,"0"
86,"RsVr Rel Lv"," %",0.031250,0.031250,"3"
86,"RsVr Rel Lv"," %",0.062500,0.062500,"6"
86,"RsVr Rel Lv"," %",0.093750,0.093750,"9"
86,"RsVr Rel Lv"," %",0.125000,0.125000,"12"
86,"RsVr Rel Lv"," %",0.156250,0.156250,"15"
86,"RsVr Rel Lv"," %",0.187500,0.187500,"18"
86,"RsVr Rel Lv"," %",0.218750,0.218750,"21"
86,"RsVr Rel Lv"," %",0.250000,0.250000,"25"
86,"RsVr Rel Lv"," %",0.281250,0.281250,"28"
86,"RsVr Rel Lv"," %",0.312500,0.312500,"31"
86,"RsVr Rel Lv"," %",0.343750,0.343750,"34"
86,"RsVr Rel Lv"," %",0.375000,0.375000,"37"
86,"RsVr Rel Lv"," %",0.406250,0.406250,"40"
86,"RsVr Rel Lv"," %",0.437500,0.437500,"43"
86,"RsVr Rel Lv"," %",0.468750,0.468750,"46"
86,"RsVr Rel Lv"," %",0.500000,0.500000,"50"
86,"RsVr Rel Lv"," %",0.531250,0.531250,"53"
86,"RsVr Rel Lv"," %",0.562500,0.562500,"56"
86,"RsVr Rel Lv"," %",0.593750,0.593750,"59"
86,"RsVr Rel Lv"," %",0.625000,0.625000,"62"
86,"RsVr Rel Lv"," %",0.656250,0.656250,"65"
86,"RsVr Rel Lv"," %",0.687500,0.687500,"68"
86,"RsVr Rel Lv"," %",0.718750,0.718750,"71"
86,"RsVr Rel Lv"," %",0.750000,0.750000,"75"
86,"RsVr Rel Lv"," %",0.781250,0.781250,"78"
86,"RsVr Rel Lv"," %",0.812500,0.812500,"81"
86,"RsVr Rel Lv"," %",0.843750,0.843750,"84"
86,"RsVr Rel Lv"," %",0.875000,0.875000,"87"
86,"RsVr Rel Lv"," %",0.906250,0.906250,"90"
86,"RsVr Rel Lv"," %",0.937500,0.937500,"93"
86,"RsVr Rel Lv"," %",0.968750,0.968750,"96"
86,"RsVr Rel Lv"," %",1.000000,1.000000,"100"
87,"NsVr Ini Lv"," %",0.000000,0.000000,"0"
87,"NsVr Ini Lv"," %",0.031250,0.031250,"3"
87,"NsVr Ini Lv"," %",0.062500,0.062500,"6"
87,"NsVr Ini Lv"," %",0.093750,0.093750,"9"
87,"NsVr Ini Lv"," %",0.125000,0.125000,"12"
87,"NsVr Ini Lv"," %",0.156250,0.156250,"15"
87,"NsVr Ini Lv"," %",0.187500,0.187500,"18"
87,"NsVr Ini Lv"," %",0.218750,0.218750,"21"
87,"NsVr Ini Lv"," %",0.250000,0.250000,"25"
87,"NsVr Ini Lv"," %",0.281250,0.281250,"28"
87,"NsVr Ini Lv"," %",0.312500,0.312500,"31"
87,"NsVr Ini Lv"," %",0.343750,0.343750,"34"
87,"NsVr Ini Lv"," %",0.375000,0.375000,"37"
87,"NsVr Ini Lv"," %",0.406250,0.406250,"40"
87,"NsVr Ini Lv"," %",0.437500,0.437500,"43"
87,"NsVr Ini Lv"," %",0.468750,0.468750,"46"
87,"NsVr Ini Lv"," %",0.500000,0.500000,"50"
87,"NsVr Ini Lv"," %",0.531250,0.531250,"53"
87,"NsVr Ini Lv"," %",0.562500,0.562500,"56"
87,"NsVr Ini Lv"," %",0.593750,0.593750,"59"
87,"NsVr Ini Lv"," %",0.625000,0.625000,"62"
87,"NsVr Ini Lv"," %",0.656250,0.656250,"65"
87,"NsVr Ini Lv"," %",0.687500,0.687500,"68"
87,"NsVr Ini Lv"," %",0.718750,0.718750,"71"
87,"NsVr Ini Lv"," %",0.750000,0.750000,"75"
87,"NsVr Ini Lv"," %",0.781250,0.781250,"78"
87,"NsVr Ini Lv"," %",0.812500,0.812500,"81"
87,"NsVr Ini Lv"," %",0.843750,0.843750,"84"
87,"NsVr Ini Lv"," %",0.875000,0.875000,"87"
87,"NsVr Ini Lv"," %",0.906250,0.906250,"90"
87,"NsVr Ini Lv"," %",0.937500,0.937500,"93"
87,"NsVr Ini Lv"," %",0.968750,0.968750,"96"
87,"NsVr Ini Lv"," %",1.000000,1.000000,"100"
88,"NsVr Atk Tm"," msec",0.000000,0.000000,"0.1"
88,"NsVr Atk Tm"," msec",0.031250,0.031250,"9.87"
88,"NsVr Atk Tm"," msec",0.062500,0.062500,"39.16"
88,"NsVr Atk Tm"," msec",0.093750,0.093750,"87.99"
88,"NsVr Atk Tm"," msec",0.125000,0.125000,"156.35"
88,"NsVr Atk Tm"," msec",0.156250,0.156250,"244.24"
88,"NsVr Atk Tm"," msec",0.187500,0.187500,"351.66"
88,"NsVr Atk Tm"," msec",0.218750,0.218750,"478.61"
88,"NsVr Atk Tm"," msec",0.250000,0.250000,"625.09"
88,"NsVr Atk Tm"," msec",0.281250,0.281250,"791.1"
88,"NsVr Atk Tm"," msec",0.312500,0.312500,"976.64"
88,"NsVr Atk Tm"," msec",0.343750,0.343750,"1181.72"
88,"NsVr Atk Tm"," msec",0.375000,0.375000,"1406.32"
88,"NsVr Atk Tm"," msec",0.406250,0.406250,"1650.46"
88,"NsVr Atk Tm"," msec",0.437500,0.437500,"1914.12"
88,"NsVr Atk Tm"," msec",0.468750,0.468750,"2197.32"
88,"NsVr Atk Tm"," msec",0.500000,0.500000,"2500.05"
88,"NsVr Atk Tm"," msec",0.531250,0.531250,"2822.31"
88,"NsVr Atk Tm"," msec",0.562500,0.562500,"3164.1"
88,"NsVr Atk Tm"," msec",0.593750,0.593750,"3525.42"
88,"NsVr Atk Tm"," msec",0.625000,0.625000,"3906.27"
88,"NsVr Atk Tm"," msec",0.656250,0.656250,"4306.65"
88,"NsVr Atk Tm"," msec",0.687500,0.687500,"4726.57"
88,"NsVr Atk Tm"," msec",0.718750,0.718750,"5166.01"
88,"NsVr Atk Tm"," msec",0.750000,0.750000,"5624.99"
88,"NsVr Atk Tm"," msec",0.781250,0.781250,"6103.49"
88,"NsVr Atk Tm"," msec",0.812500,0.812500,"6601.53"
88,"NsVr Atk Tm"," msec",0.843750,0.843750,"7119.1"
88,"NsVr Atk Tm"," msec",0.875000,0.875000,"7656.2"
88,"NsVr Atk Tm"," msec",0.906250,0.906250,"8212.83"
88,"NsVr Atk Tm"," msec",0.937500,0.937500,"8788.99"
88,"NsVr Atk Tm"," msec",0.968750,0.968750,"9384.68"
88,"NsVr Atk Tm"," msec",1.000000,1.000000,"9999.9"
89,"NsVr Atk Lv"," %",0.000000,0.000000,"0"
89,"NsVr Atk Lv"," %",0.031250,0.031250,"3"
89,"NsVr Atk Lv"," %",0.062500,0.062500,"6"
89,"NsVr Atk Lv"," %",0.093750,0.093750,"9"
89,"NsVr Atk Lv"," %",0.125000,0.125000,"12"
89,"NsVr Atk Lv"," %",0.156250,0.156250,"15"
89,"NsVr Atk Lv"," %",0.187500,0.187500,"18"
89,"NsVr Atk Lv"," %",0.218750,0.218750,"21"
89,"NsVr Atk Lv"," %",0.250000,0.250000,"25"
89,"NsVr Atk Lv"," %",0.281250,0.281250,"28"
89,"NsVr Atk Lv"," %",0.312500,0.312500,"31"
89,"NsVr Atk Lv"," %",0.343750,0.343750,"34"
89,"NsVr Atk Lv"," %",0.375000,0.375000,"37"
89,"NsVr Atk Lv"," %",0.406250,0.406250,"40"
89,"NsVr Atk Lv"," %",0.437500,0.437500,"43"
89,"NsVr Atk Lv"," %",0.468750,0.468750,"46"
89,"NsVr Atk Lv"," %",0.500000,0.500000,"50"
89,"NsVr Atk Lv"," %",0.531250,0.531250,"53"
89,"NsVr Atk Lv"," %",0.562500,0.562500,"56"
89,"NsVr Atk Lv"," %",0.593750,0.593750,"59"
89,"NsVr Atk Lv"," %",0.625000,0.625000,"62"
89,"NsVr Atk Lv"," %",0.656250,0.656250,"65"
89,"NsVr Atk Lv"," %",0.687500,0.687500,"68"
89,"NsVr Atk Lv"," %",0.718750,0.718750,"71"
89,"NsVr Atk Lv"," %",0.750000,0.750000,"75"
89,"NsVr Atk Lv"," %",0.781250,0.781250,"78"
89,"NsVr Atk Lv"," %",0.812500,0.812500,"81"
89,"NsVr Atk Lv"," %",0.843750,0.843750,"84"
89,"NsVr Atk Lv"," %",0.875000,0.875000,"87"
89,"NsVr Atk Lv"," %",0.906250,0.906250,"90"
89,"NsVr Atk Lv"," %",0.937500,0.937500,"93"
89,"NsVr Atk Lv"," %",0.968750,0.968750,"96"
89,"NsVr Atk Lv"," %",1.000000,1.000000,"100"
90,"NsVr Dec Tm"," msec",0.000000,0.000000,"0.1"
90,"NsVr Dec Tm"," msec",0.031250,0.031250,"9.87"
90,"NsVr Dec Tm"," msec",0.062500,0.062500,"39.16"
90,"NsVr Dec Tm"," msec",0.093750,0.093750,"87.99"
90,"NsVr Dec Tm"," msec",0.125000,0.125000,"156.35"
90,"NsVr Dec Tm"," msec",0.156250,0.156250,"244.24"
90,"NsVr Dec Tm"," msec",0.187500,0.187500,"351.66"
90,"NsVr Dec Tm"," msec",0.218750,0.218750,"478.61"
90,"NsVr Dec Tm"," msec",0.250000,0.250000,"625.09"
90,"NsVr Dec Tm"," msec",0.281250,0.281250,"791.1"
90,"NsVr Dec Tm"," msec",0.312500,0.312500,"976.64"
90,"NsVr Dec Tm"," msec",0.343750,0.343750,"1181.72"
90,"NsVr Dec Tm"," msec",0.375000,0.375000,"1406.32"
90,"NsVr Dec Tm"," msec",0.406250,0.406250,"1650.46"
90,"NsVr Dec Tm"," msec",0.437500,0.437500,"1914.12"
90,"NsVr Dec Tm"," msec",0.468750,0.468750,"2197.32"
90,"NsVr Dec Tm"," msec",0.500000,0.500000,"2500.05"
90,"NsVr Dec Tm"," msec",0.531250,0.531250,"2822.31"
90,"NsVr Dec Tm"," msec",0.562500,0.562500,"3164.1"
90,"NsVr Dec Tm"," msec",0.593750,0.593750,"3525.42"
90,"NsVr Dec Tm"," msec",0.625000,0.625000,"3906.27"
90,"NsVr Dec Tm"," msec",0.656250,0.656250,"4306.65"
90,"NsVr Dec Tm"," msec",0.687500,0.687500,"4726.57"
90,"NsVr Dec Tm"," msec",0.718750,0.718750,"5166.01"
90,"NsVr Dec Tm"," msec",0.750000,0.750000,"5624.99"
90,"NsVr Dec Tm"," msec",0.781250,0.781250,"6103.49"
90,"NsVr Dec Tm"," msec",0.812500,0.812500,"6601.53"
90,"NsVr Dec Tm"," msec",0.843750,0.843750,"7119.1"
90,"NsVr Dec Tm"," msec",0.875000,0.875000,"7656.2"
90,"NsVr Dec Tm"," msec",0.906250,0.906250,"8212.83"
90,"NsVr Dec Tm"," msec",0.937500,0.937500,"8788.99"
90,"NsVr Dec Tm"," msec",0.968750,0.968750,"9384.68"
90,"NsVr Dec Tm"," msec",1.000000,1.000000,"9999.9"
91,"NsVr Dec Lv"," %",0.000000,0.000000,"0"
91,"NsVr Dec Lv"," %",0.031250,0.031250,"3"
91,"NsVr Dec Lv"," %",0.062500,0.062500,"6"
91,"NsVr Dec Lv"," %",0.093750,0.093750,"9"
91,"NsVr Dec Lv"," %",0.125000,0.125000,"12"
91,"NsVr Dec Lv"," %",0.156250,0.156250,"15"
91,"NsVr Dec Lv"," %",0.187500,0.187500,"18"
91,"NsVr Dec Lv"," %",0.218750,0.218750,"21"
91,"NsVr Dec Lv"," %",0.250000,0.250000,"25"
91,"NsVr Dec Lv"," %",0.281250,0.281250,"28"
91,"NsVr Dec Lv"," %",0.312500,0.312500,"31"
91,"NsVr Dec Lv"," %",0.343750,0.343750,"34"
91,"NsVr Dec Lv"," %",0.375000,0.375000,"37"
91,"NsVr Dec Lv"," %",0.406250,0.406250,"40"
91,"NsVr Dec Lv"," %",0.437500,0.437500,"43"
91,"NsVr Dec Lv"," %",0.468750,0.468750,"46"
91,"NsVr Dec Lv"," %",0.500000,0.500000,"50"
91,"NsVr Dec Lv"," %",0.531250,0.531250,"53"
91,"NsVr Dec Lv"," %",0.562500,0.562500,"56"
91,"NsVr Dec Lv"," %",0.593750,0.593750,"59"
91,"NsVr Dec Lv"," %",0.625000,0.625000,"62"
91,"NsVr Dec Lv"," %",0.656250,0.656250,"65"
91,"NsVr Dec Lv"," %",0.687500,0.687500,"68"
91,"NsVr Dec Lv"," %",0.718750,0.718750,"71"
91,"NsVr Dec Lv"," %",0.750000,0.750000,"75"
91,"NsVr Dec Lv"," %",0.781250,0.781250,"78"
91,"NsVr Dec Lv"," %",0.812500,0.812500,"81"
91,"NsVr Dec Lv"," %",0.843750,0.843750,"84"
91,"NsVr Dec Lv"," %",0.875000,0.875000,"87"
91,"NsVr Dec Lv"," %",0.906250,0.906250,"90"
91,"NsVr Dec Lv"," %",0.937500,0.937500,"93"
91,"NsVr Dec Lv"," %",0.968750,0.968750,"96"
91,"NsVr Dec Lv"," %",1.000000,1.000000,"100"
92,"NsVr Rel Tm"," msec",0.000000,0.000000,"0.1"
92,"NsVr Rel Tm"," msec",0.031250,0.031250,"9.87"
92,"NsVr Rel Tm"," msec",0.062500,0.062500,"39.16"
92,"NsVr Rel Tm"," msec",0.093750,0.093750,"87.99"
92,"NsVr Rel Tm"," msec",0.125000,0.125000,"156.35"
92,"NsVr Rel Tm"," msec",0.156250,0.156250,"244.24"
92,"NsVr Rel Tm"," msec",0.187500,0.187500,"351.66"
92,"NsVr Rel Tm"," msec",0.218750,0.218750,"478.61"
92,"NsVr Rel Tm"," msec",0.250000,0.250000,"625.09"
92,"NsVr Rel Tm"," msec",0.281250,0.281250,"791.1"
92,"NsVr Rel Tm"," msec",0.312500,0.312500,"976.64"
92,"NsVr Rel Tm"," msec",0.343750,0.343750,"1181.72"
92,"NsVr Rel Tm"," msec",0.375000,0.375000,"1406.32"
92,"NsVr Rel Tm"," msec",0.406250,0.406250,"1650.46"
92,"NsVr Rel Tm"," msec",0.437500,0.437500,"1914.12"
92,"NsVr Rel Tm"," msec",0.468750,0.468750,"2197.32"
92,"NsVr Rel Tm"," msec",0.500000,0.500000,"2500.05"
92,"NsVr Rel Tm"," msec",0.531250,0.531250,"2822.31"
92,"NsVr Rel Tm"," msec",0.562500,0.562500,"3164.1"
92,"NsVr Rel Tm"," msec",0.593750,0.593750,"3525.42"
92,"NsVr Rel Tm"," msec",0.625000,0.625000,"3906.27"
92,"NsVr Rel Tm"," msec",0.656250,0.656250,"4306.65"
92,"NsVr Rel Tm"," msec",0.687500,0.687500,"4726.57"
92,"NsVr Rel Tm"," msec",0.718750,0.718750,"5166.01"
92,"NsVr Rel Tm"," msec",0.750000,0.750000,"5624.99"
92,"NsVr Rel Tm"," msec",0.781250,0.781250,"6103.49"
92,"NsVr Rel Tm"," msec",0.812500,0.812500,"6601.53"
92,"NsVr Rel Tm"," msec",0.843750,0.843750,"7119.1"
92,"NsVr Rel Tm"," msec",0.875000,0.875000,"7656.2"
92,"NsVr Rel Tm"," msec",0.906250,0.906250,"8212.83"
92,"NsVr Rel Tm"," msec",0.937500,0.937500,"8788.99"
92,"NsVr Rel Tm"," msec",0.968750,0.968750,"9384.68"
92,"NsVr Rel Tm"," msec",1.000000,1.000000,"9999.9"
93,"NsVr Rel Lv"," %",0.000000,0.000000,"0"
93,"NsVr Rel Lv"," %",0.031250,0.031250,"3"
93,"NsVr Rel Lv"," %",0.062500,0.062500,"6"
93,"NsVr Rel Lv"," %",0.093750,0.093750,"9"
93,"NsVr Rel Lv"," %",0.125000,0.125000,"12"
93,"NsVr Rel Lv"," %",0.156250,0.156250,"15"
93,"NsVr Rel Lv"," %",0.187500,0.187500,"18"
93,"NsVr Rel Lv"," %",0.218750,0.218750,"21"
93,"NsVr Rel Lv"," %",0.250000,0.250000,"25"
93,"NsVr Rel Lv"," %",0.281250,0.281250,"28"
93,"NsVr Rel Lv"," %",0.312500,0.312500,"31"
93,"NsVr Rel Lv"," %",0.343750,0.343750,"34"
93,"NsVr Rel Lv"," %",0.375000,0.375000,"37"
93,"NsVr Rel Lv"," %",0.406250,0.406250,"40"
93,"NsVr Rel Lv"," %",0.437500,0.437500,"43"
93,"NsVr Rel Lv"," %",0.468750,0.468750,"46"
93,"NsVr Rel Lv"," %",0.500000,0.500000,"50"
93,"NsVr Rel Lv"," %",0.531250,0.531250,"53"
93,"NsVr Rel Lv"," %",0.562500,0.562500,"56"
93,"NsVr Rel Lv"," %",0.593750,0.593750,"59"
93,"NsVr Rel Lv"," %",0.625000,0.625000,"62"
93,"NsVr Rel Lv"," %",0.656250,0.656250,"65"
93,"NsVr Rel Lv"," %",0.687500,0.687500,"68"
93,"NsVr Rel Lv"," %",0.718750,0.718750,"71"
93,"NsVr Rel Lv"," %",0.750000,0.750000,"75"
93,"NsVr Rel Lv"," %",0.781250,0.781250,"78"
93,"NsVr Rel Lv"," %",0.812500,0.812500,"81"
93,"NsVr Rel Lv"," %",0.843750,0.843750,"84"
93,"NsVr Rel Lv"," %",0.875000,0.875000,"87"
93,"NsVr Rel Lv"," %",0.906250,0.906250,"90"
93,"NsVr Rel Lv"," %",0.937500,0.937500,"93"
93,"NsVr Rel Lv"," %",0.968750,0.968750,"96"
93,"NsVr Rel Lv"," %",1.000000,1.000000,"100"
94,"Spd Ini Lv"," %",0.000000,0.000000,"0"
94,"Spd Ini Lv"," %",0.031250,0.031250,"3"
94,"Spd Ini Lv"," %",0.062500,0.062500,"6"
94,"Spd Ini Lv"," %",0.093750,0.093750,"9"
94,"Spd Ini Lv"," %",0.125000,0.125000,"12"
94,"Spd Ini Lv"," %",0.156250,0.156250,"15"
94,"Spd Ini Lv"," %",0.187500,0.187500,"18"
94,"Spd Ini Lv"," %",0.218750,0.218750,"21"
94,"Spd Ini Lv"," %",0.250000,0.250000,"25"
94,"Spd Ini Lv"," %",0.281250,0.281250,"28"
94,"Spd Ini Lv"," %",0.312500,0.312500,"31"
94,"Spd Ini Lv"," %",0.343750,0.343750,"34"
94,"Spd Ini Lv"," %",0.375000,0.375000,"37"
94,"Spd Ini Lv"," %",0.406250,0.406250,"40"
94,"Spd Ini Lv"," %",0.437500,0.437500,"43"
94,"Spd Ini Lv"," %",0.468750,0.468750,"46"
94,"Spd Ini Lv"," %",0.500000,0.500000,"50"
94,"Spd Ini Lv"," %",0.531250,0.531250,"53"
94,"Spd Ini Lv"," %",0.562500,0.562500,"56"
94,"Spd Ini Lv"," %",0.593750,0.593750,"59"
94,"Spd Ini Lv"," %",0.625000,0.625000,"62"
94,"Spd Ini Lv"," %",0.656250,0.656250,"65"
94,"Spd Ini Lv"," %",0.687500,0.687500,"68"
94,"Spd Ini Lv"," %",0.718750,0.718750,"71"
94,"Spd Ini Lv"," %",0.750000,0.750000,"75"
94,"Spd Ini Lv"," %",0.781250,0.781250,"78"
94,"Spd Ini Lv"," %",0.812500,0.812500,"81"
94,"Spd Ini Lv"," %",0.843750,0.843750,"84"
94,"Spd Ini Lv"," %",0.875000,0.875000,"87"
94,"Spd Ini Lv"," %",0.906250,0.906250,"90"
94,"Spd Ini Lv"," %",0.937500,0.937500,"93"
94,"Spd Ini Lv"," %",0.968750,0.968750,"96"
94,"Spd Ini Lv"," %",1.000000,1.000000,"100"
95,"Spd Atk Tm"," msec",0.000000,0.000000,"0.1"
95,"Spd Atk Tm"," msec",0.031250,0.031250,"9.87"
95,"Spd Atk Tm"," msec",0.062500,0.062500,"39.16"
95,"Spd Atk Tm"," msec",0.093750,0.093750,"87.99"
95,"Spd Atk Tm"," msec",0.125000,0.125000,"156.35"
95,"Spd Atk Tm"," msec",0.156250,0.156250,"244.24"
95,"Spd Atk Tm"," msec",0.187500,0.187500,"351.66"
95,"Spd Atk Tm"," msec",0.218750,0.218750,"478.61"
95,"Spd Atk Tm"," msec",0.250000,0.250000,"625.09"
95,"Spd Atk Tm"," msec",0.281250,0.281250,"791.1"
95,"Spd Atk Tm"," msec",0.312500,0.312500,"976.64"
95,"Spd Atk Tm"," msec",0.343750,0.343750,"1181.72"
95,"Spd Atk Tm"," msec",0.375000,0.375000,"1406.32"
95,"Spd Atk Tm"," msec",0.406250,0.406250,"1650.46"
95,"Spd Atk Tm"," msec",0.437500,0.437500,"1914.12"
95,"Spd Atk Tm"," msec",0.468750,0.468750,"2197.32"
95,"Spd Atk Tm"," msec",0.500000,0.500000,"2500.05"
95,"Spd Atk Tm"," msec",0.531250,0.531250,"2822.31"
95,"Spd Atk Tm"," msec",0.562500,0.562500,"3164.1"
95,"Spd Atk Tm"," msec",0.593750,0.593750,"3525.42"
95,"Spd Atk Tm"," msec",0.625000,0.625000,"3906.27"
95,"Spd Atk Tm"," msec",0.656250,0.656250,"4306.65"
95,"Spd Atk Tm"," msec",0.687500,0.687500,"4726.57"
95,"Spd Atk Tm"," msec",0.718750,0.718750,"5166.01"
95,"Spd Atk Tm"," msec",0.750000,0.750000,"5624.99"
95,"Spd Atk Tm"," msec",0.781250,0.781250,"6103.49"
95,"Spd Atk Tm"," msec",0.812500,0.812500,"6601.53"
95,"Spd Atk Tm"," msec",0.843750,0.843750,"7119.1"
95,"Spd Atk Tm"," msec",0.875000,0.875000,"7656.2"
95,"Spd Atk Tm"," msec",0.906250,0.906250,"8212.83"
95,"Spd Atk Tm"," msec",0.937500,0.937500,"8788.99"
95,"Spd Atk Tm"," msec",0.968750,0.968750,"9384.68"
95,"Spd Atk Tm"," msec",1.000000,1.000000,"9999.9"
96,"Spd Atk Lv"," %",0.000000,0.000000,"0"
96,"Spd Atk Lv"," %",0.031250,0.031250,"3"
96,"Spd Atk Lv"," %",0.062500,0.062500,"6"
96,"Spd Atk Lv"," %",0.093750,0.093750,"9"
96,"Spd Atk Lv"," %",0.125000,0.125000,"12"
96,"Spd Atk Lv"," %",0.156250,0.156250,"15"
96,"Spd Atk Lv"," %",0.187500,0.187500,"18"
96,"Spd Atk Lv"," %",0.218750,0.218750,"21"
96,"Spd Atk Lv"," %",0.250000,0.250000,"25"
96,"Spd Atk Lv"," %",0.281250,0.281250,"28"
96,"Spd Atk Lv"," %",0.312500,0.312500,"31"
96,"Spd Atk Lv"," %",0.343750,0.343750,"34"
96,"Spd Atk Lv"," %",0.375000,0.375000,"37"
96,"Spd Atk Lv"," %",0.406250,0.406250,"40"
96,"Spd Atk Lv"," %",0.437500,0.437500,"43"
96,"Spd Atk Lv"," %",0.468750,0.468750,"46"
96,"Spd Atk Lv"," %",0.500000,0.500000,"50"
96,"Spd Atk Lv"," %",0.531250,0.531250,"53"
96,"Spd Atk Lv"," %",0.562500,0.562500,"56"
96,"Spd Atk Lv"," %",0.593750,0.593750,"59"
96,"Spd Atk Lv"," %",0.625000,0.625000,"62"
96,"Spd Atk Lv"," %",0.656250,0.656250,"65"
96,"Spd Atk Lv"," %",0.687500,0.687500,"68"
96,"Spd Atk Lv"," %",0.718750,0.718750,"71"
96,"Spd Atk Lv"," %",0.750000,0.750000,"75"
96,"Spd Atk Lv"," %",0.781250,0.781250,"78"
96,"Spd Atk Lv"," %",0.812500,0.812500,"81"
96,"Spd Atk Lv"," %",0.843750,0.843750,"84"
96,"Spd Atk Lv"," %",0.875000,0.875000,"87"
96,"Spd Atk Lv"," %",0.906250,0.906250,"90"
96,"Spd Atk Lv"," %",0.937500,0.937500,"93"
96,"Spd Atk Lv"," %",0.968750,0.968750,"96"
96,"Spd Atk Lv"," %",1.000000,1.000000,"100"
97,"Spd Dec Tm"," msec",0.000000,0.000000,"0.1"
97,"Spd Dec Tm"," msec",0.031250,0.031250,"9.87"
97,"Spd Dec Tm"," msec",0.062500,0.062500,"39.16"
97,"Spd Dec Tm"," msec",0.093750,0.093750,"87.99"
97,"Spd Dec Tm"," msec",0.125000,0.125000,"156.35"
97,"Spd Dec Tm"," msec",0.156250,0.156250,"244.24"
97,"Spd Dec Tm"," msec",0.187500,0.187500,"351.66"
97,"Spd Dec Tm"," msec",0.218750,0.218750,"478.61"
97,"Spd Dec Tm"," msec",0.250000,0.250000,"625.09"
97,"Spd Dec Tm"," msec",0.281250,0.281250,"791.1"
97,"Spd Dec Tm"," msec",0.312500,0.312500,"976.64"
97,"Spd Dec Tm"," msec",0.343750,0.343750,"1181.72"
97,"Spd Dec Tm"," msec",0.375000,0.375000,"1406.32"
97,"Spd Dec Tm"," msec",0.406250,0.406250,"1650.46"
97,"Spd Dec Tm"," msec",0.437500,0.437500,"1914.12"
97,"Spd Dec Tm"," msec",0.468750,0.468750,"2197.32"
97,"Spd Dec Tm"," msec",0.500000,0.500000,"2500.05"
97,"Spd Dec Tm"," msec",0.531250,0.531250,"2822.31"
97,"Spd Dec Tm"," msec",0.562500,0.562500,"3164.1"
97,"Spd Dec Tm"," msec",0.593750,0.593750,"3525.42"
97,"Spd Dec Tm"," msec",0.625000,0.625000,"3906.27"
97,"Spd Dec Tm"," msec",0.656250,0.656250,"4306.65"
97,"Spd Dec Tm"," msec",0.687500,0.687500,"4726.57"
97,"Spd Dec Tm"," msec",0.718750,0.718750,"5166.01"
97,"Spd Dec Tm"," msec",0.750000,0.750000,"5624.99"
97,"Spd Dec Tm"," msec",0.781250,0.781250,"6103.49"
97,"Spd Dec Tm"," msec",0.812500,0.812500,"6601.53"
97,"Spd Dec Tm"," msec",0.843750,0.843750,"7119.1"
97,"Spd Dec Tm"," msec",0.875000,0.875000,"7656.2"
97,"Spd Dec Tm"," msec",0.906250,0.906250,"8212.83"
97,"Spd Dec Tm"," msec",0.937500,0.937500,"8788.99"
97,"Spd Dec Tm"," msec",0.968750,0.968750,"9384.68"
97,"Spd Dec Tm"," msec",1.000000,1.000000,"9999.9"
98,"Spd Dec Lv"," %",0.000000,0.000000,"0"
98,"Spd Dec Lv"," %",0.031250,0.031250,"3"
98,"Spd Dec Lv"," %",0.062500,0.062500,"6"
98,"Spd Dec Lv"," %",0.093750,0.093750,"9"
98,"Spd Dec Lv"," %",0.125000,0.125000,"12"
98,"Spd Dec Lv"," %",0.156250,0.156250,"15"
98,"Spd Dec Lv"," %",0.187500,0.187500,"18"
98,"Spd Dec Lv"," %",0.218750,0.218750,"21"
98,"Spd Dec Lv"," %",0.250000,0.250000,"25"
98,"Spd Dec Lv"," %",0.281250,0.281250,"28"
98,"Spd Dec Lv"," %",0.312500,0.312500,"31"
98,"Spd Dec Lv"," %",0.343750,0.343750,"34"
98,"Spd Dec Lv"," %",0.375000,0.375000,"37"
98,"Spd Dec Lv"," %",0.406250,0.406250,"40"
98,"Spd Dec Lv"," %",0.437500,0.437500,"43"
98,"Spd Dec Lv"," %",0.468750,0.468750,"46"
98,"Spd Dec Lv"," %",0.500000,0.500000,"50"
98,"Spd Dec Lv"," %",0.531250,0.531250,"53"
98,"Spd Dec Lv"," %",0.562500,0.562500,"56"
98,"Spd Dec Lv"," %",0.593750,0.593750,"59"
98,"Spd Dec Lv"," %",0.625000,0.625000,"62"
98,"Spd Dec Lv"," %",0.656250,0.656250,"65"
98,"Spd Dec Lv"," %",0.687500,0.687500,"68"
98,"Spd Dec Lv"," %",0.718750,0.718750,"71"
98,"Spd Dec Lv"," %",0.750000,0.750000,"75"
98,"Spd Dec Lv"," %",0.781250,0.781250,"78"
98,"Spd Dec Lv"," %",0.812500,0.812500,"81"
98,"Spd Dec Lv"," %",0.843750,0.843750,"84"
98,"Spd Dec Lv"," %",0.875000,0.875000,"87"
98,"Spd Dec Lv"," %",0.906250,0.906250,"90"
98,"Spd Dec Lv"," %",0.937500,0.937500,"93"
98,"Spd Dec Lv"," %",0.968750,0.968750,"96"
98,"Spd Dec Lv"," %",1.000000,1.000000,"100"
99,"Spd Rel Tm"," msec",0.000000,0.000000,"0.1"
99,"Spd Rel Tm"," msec",0.031250,0.031250,"9.87"
99,"Spd Rel Tm"," msec",0.062500,0.062500,"39.16"
99,"Spd Rel Tm"," msec",0.093750,0.093750,"87.99"
99,"Spd Rel Tm"," msec",0.125000,0.125000,"156.35"
99,"Spd Rel Tm"," msec",0.156250,0.156250,"244.24"
99,"Spd Rel Tm"," msec",0.187500,0.187500,"351.66"
99,"Spd Rel Tm"," msec",0.218750,0.218750,"478.61"
99,"Spd Rel Tm"," msec",0.250000,0.250000,"625.09"
99,"Spd Rel Tm"," msec",0.281250,0.281250,"791.1"
99,"Spd Rel Tm"," msec",0.312500,0.312500,"976.64"
99,"Spd Rel Tm"," msec",0.343750,0.343750,"1181.72"
99,"Spd Rel Tm"," msec",0.375000,0.375000,"1406.32"
99,"Spd Rel Tm"," msec",0.406250,0.406250,"1650.46"
99,"Spd Rel Tm"," msec",0.437500,0.437500,"1914.12"
99,"Spd Rel Tm"," msec",0.468750,0.468750,"2197.32"
99,"Spd Rel Tm"," msec",0.500000,0.500000,"2500.05"
99,"Spd Rel Tm"," msec",0.531250,0.531250,"2822.31"
99,"Spd Rel Tm"," msec",0.562500,0.562500,"3164.1"
99,"Spd Rel Tm"," msec",0.593750,0.593750,"3525.42"
99,"Spd Rel Tm"," msec",0.625000,0.625000,"3906.27"
99,"Spd Rel Tm"," msec",0.656250,0.656250,"4306.65"
99,"Spd Rel Tm"," msec",0.687500,0.687500,"4726.57"
99,"Spd Rel Tm"," msec",0.718750,0.718750,"5166.01"
99,"Spd Rel Tm"," msec",0.750000,0.750000,"5624.99"
99,"Spd Rel Tm"," msec",0.781250,0.781250,"6103.49"
99,"Spd Rel Tm"," msec",0.812500,0.812500,"6601.53"
99,"Spd Rel Tm"," msec",0.843750,0.843750,"7119.1"
99,"Spd Rel Tm"," msec",0.875000,0.875000,"7656.2"
99,"Spd Rel Tm"," msec",0.906250,0.906250,"8212.83"
99,"Spd Rel Tm"," msec",0.937500,0.937500,"8788.99"
99,"Spd Rel Tm"," msec",0.968750,0.968750,"9384.68"
99,"Spd Rel Tm"," msec",1.000000,1.000000,"9999.9"
100,"Spd Rel Lv"," %",0.000000,0.000000,"0"
100,"Spd Rel Lv"," %",0.031250,0.031250,"3"
100,"Spd Rel Lv"," %",0.062500,0.062500,"6"
100,"Spd Rel Lv"," %",0.093750,0.093750,"9"
100,"Spd Rel Lv"," %",0.125000,0.125000,"12"
100,"Spd Rel Lv"," %",0.156250,0.156250,"15"
100,"Spd Rel Lv"," %",0.187500,0.187500,"18"
100,"Spd Rel Lv"," %",0.218750,0.218750,"21"
100,"Spd Rel Lv"," %",0.250000,0.250000,"25"
100,"Spd Rel Lv"," %",0.281250,0.281250,"28"
100,"Spd Rel Lv"," %",0.312500,0.312500,"31"
100,"Spd Rel Lv"," %",0.343750,0.343750,"34"
100,"Spd Rel Lv"," %",0.375000,0.375000,"37"
100,"Spd Rel Lv"," %",0.406250,0.406250,"40"
100,"Spd Rel Lv"," %",0.437500,0.437500,"43"
100,"Spd Rel Lv"," %",0.468750,0.468750,"46"
100,"Spd Rel Lv"," %",0.500000,0.500000,"50"
100,"Spd Rel Lv"," %",0.531250,0.531250,"53"
100,"Spd Rel Lv"," %",0.562500,0.562500,"56"
100,"Spd Rel Lv"," %",0.593750,0.593750,"59"
100,"Spd Rel Lv"," %",0.625000,0.625000,"62"
100,"Spd Rel Lv"," %",0.656250,0.656250,"65"
100,"Spd Rel Lv"," %",0.687500,0.687500,"68"
100,"Spd Rel Lv"," %",0.718750,0.718750,"71"
100,"Spd Rel Lv"," %",0.750000,0.750000,"75"
100,"Spd Rel Lv"," %",0.781250,0.781250,"78"
100,"Spd Rel Lv"," %",0.812500,0.812500,"81"
100,"Spd Rel Lv"," %",0.843750,0.843750,"84"
100,"Spd Rel Lv"," %",0.875000,0.875000,"87"
100,"Spd Rel Lv"," %",0.906250,0.906250,"90"
100,"Spd Rel Lv"," %",0.937500,0.937500,"93"
100,"Spd Rel Lv"," %",0.968750,0.968750,"96"
100,"Spd Rel Lv"," %",1.000000,1.000000,"100"
